"","x1","y1","x2","y2","label","power","perc"
"1",363500,213500,344500,224500,"7863_7880",1.9194029078645e-08,0.291535507833241
"2",355500,199500,344500,224500,"7863_7921",1.6863214993982e-08,0.256133088411405
"3",356500,199500,344500,224500,"7863_7922",4.95370967667909e-09,0.0752412252962485
"4",355500,198500,344500,224500,"7863_7926",4.02623199994473e-09,0.0611538924917162
"5",355500,199500,331500,225500,"7860_7921",2.40179888082438e-09,0.0364805978757992
"6",362500,173500,355500,199500,"7921_7981",1.88768214172579e-09,0.0286717483630392
"7",362500,173500,355500,198500,"7926_7981",1.36397048588961e-09,0.020717162959589
"8",356500,198500,344500,224500,"7863_7927",1.09570287445391e-09,0.0166424825464948
"9",355500,199500,330500,226500,"7857_7921",9.87587461289083e-10,0.0150003321802292
"10",355500,199500,330500,227500,"7854_7921",9.4143513503877e-10,0.0142993307481724
"11",363500,173500,355500,199500,"7921_7982",8.50964767244041e-10,0.0129251885860017
"12",362500,173500,356500,199500,"7922_7981",8.17740495655871e-10,0.0124205496250957
"13",355500,198500,331500,225500,"7860_7926",6.36380557126146e-10,0.00966589808407587
"14",355500,199500,330500,225500,"7859_7921",6.35293317368307e-10,0.00964938414666132
"15",355500,199500,338500,229500,"7848_7921",6.21661057332406e-10,0.00944232559547348
"16",363500,173500,355500,198500,"7926_7982",6.11204267200156e-10,0.009283498826533
"17",356500,199500,331500,225500,"7860_7922",6.02674472011056e-10,0.00915394092277143
"18",362500,172500,355500,199500,"7921_7988",5.88985603853115e-10,0.00894602255848554
"19",362500,173500,356500,198500,"7927_7981",5.4600499491336e-10,0.00829319591104785
"20",363500,213500,338500,229500,"7848_7880",5.09519178374615e-10,0.00773901778566572
"21",362500,172500,355500,198500,"7926_7988",4.26209221513873e-10,0.00647363413528957
"22",363500,173500,356500,199500,"7922_7982",3.76220772654704e-10,0.00571436635653187
"23",355500,199500,330500,228500,"7852_7921",3.44446532109377e-10,0.00523175172072808
"24",355500,198500,330500,226500,"7857_7926",2.6186545811503e-10,0.003977438973482
"25",362500,172500,356500,199500,"7922_7988",2.53878244538281e-10,0.00385612226833745
"26",363500,173500,356500,198500,"7927_7982",2.49862288114194e-10,0.00379512445017559
"27",355500,198500,330500,227500,"7854_7926",2.4789809818141e-10,0.00376529063533719
"28",356500,199500,330500,226500,"7857_7922",2.47691410230137e-10,0.00376215128004131
"29",356500,199500,330500,227500,"7854_7922",2.37969731923944e-10,0.00361449002505547
"30",363500,213500,331500,225500,"7860_7880",2.37871168660986e-10,0.00361299296100486
"31",356500,199500,338500,229500,"7848_7922",1.73611259544317e-10,0.00263695790547349
"32",362500,172500,356500,198500,"7927_7988",1.69703701786102e-10,0.00257760653996491
"33",355500,198500,330500,225500,"7859_7926",1.69700310406191e-10,0.00257755502875481
"34",356500,199500,330500,225500,"7859_7922",1.58066304010569e-10,0.00240084768144458
"35",355500,198500,338500,229500,"7848_7926",1.52383747806351e-10,0.00231453610496422
"36",356500,198500,331500,225500,"7860_7927",1.47969769468611e-10,0.00224749278586819
"37",363500,213500,330500,227500,"7854_7880",1.23814195830781e-10,0.00188059704976956
"38",363500,213500,330500,226500,"7857_7880",1.05015402946465e-10,0.00159506473095701
"39",355500,199500,329500,229500,"7847_7921",1.04012983693891e-10,0.00157983912070794
"40",472500,264500,484500,297500,"7401_7720",9.51182883059103e-11,0.00144473879725151
"41",355500,198500,330500,228500,"7852_7926",9.01071279003747e-11,0.0013686249606164
"42",356500,199500,330500,228500,"7852_7922",8.77348993146689e-11,0.00133259350194784
"43",366500,174500,355500,199500,"7921_7978",6.13547282606354e-11,0.000931908657017495
"44",356500,198500,330500,226500,"7857_7927",6.08403054915896e-11,0.000924095159257319
"45",356500,198500,330500,227500,"7854_7927",5.80370877495921e-11,0.000881517464671576
"46",363500,213500,330500,228500,"7852_7880",5.56397266842743e-11,0.000845104272174403
"47",363500,213500,330500,225500,"7859_7880",5.42400578516201e-11,0.000823844891861168
"48",355500,199500,327500,234500,"7832_7921",5.12309367422292e-11,0.000778139758917817
"49",366500,174500,355500,198500,"7926_7978",4.2995369639571e-11,0.000653050845707852
"50",356500,198500,338500,229500,"7848_7927",3.93985695215078e-11,0.000598419535903238
"51",356500,198500,330500,225500,"7859_7927",3.91200919213957e-11,0.000594189777355087
"52",355500,199500,329500,228500,"7851_7921",3.14434517381234e-11,0.0004775903294167
"53",366500,174500,356500,199500,"7922_7978",2.89398215940368e-11,0.000439563030276315
"54",355500,198500,329500,229500,"7847_7926",2.72398587288627e-11,0.000413742524578135
"55",356500,199500,329500,229500,"7847_7922",2.6466931504778e-11,0.00040200263766495
"56",472500,264500,487500,299500,"7369_7720",2.49433325756867e-11,0.000378860899903335
"57",472500,264500,487500,298500,"7382_7720",2.13895985537982e-11,0.000324883715200192
"58",356500,198500,330500,228500,"7852_7927",2.12536041687833e-11,0.000322818114906719
"59",366500,174500,356500,198500,"7927_7978",1.87897432549729e-11,0.000285394865218233
"60",363500,172500,355500,199500,"7921_7989",1.86370159856149e-11,0.00028307511141095
"61",347500,165500,355500,199500,"7921_8040",1.85368586470804e-11,0.000281553835162319
"62",472500,264500,495500,302500,"7344_7720",1.79686393284129e-11,0.000272923228896713
"63",472500,264500,495500,301500,"7351_7720",1.79653382408464e-11,0.000272873089124799
"64",363500,213500,329500,229500,"7847_7880",1.76426509633711e-11,0.000267971835775405
"65",363500,213500,327500,234500,"7832_7880",1.58548648683382e-11,0.000240817394934606
"66",472500,264500,496500,302500,"7345_7720",1.52385667975679e-11,0.000231456527015605
"67",493500,234500,472500,264500,"7720_7833",1.51925358878122e-11,0.000230757369762239
"68",347500,165500,355500,198500,"7926_8040",1.3459857117833e-11,0.000204439946617364
"69",363500,172500,355500,198500,"7926_7989",1.34110988966641e-11,0.000203699364600358
"70",356500,199500,327500,234500,"7832_7922",1.32729147033098e-11,0.000201600503604627
"71",355500,198500,327500,234500,"7832_7926",1.3227513808367e-11,0.000200910915560919
"72",472500,264500,472500,305500,"7338_7720",1.26780329856659e-11,0.000192564925772406
"73",355500,199500,363500,213500,"7880_7921",1.19305678174951e-11,0.000181211778577648
"74",355500,199500,326500,235500,"7828_7921",1.07381174448867e-11,0.000163099811386189
"75",355500,199500,328500,233500,"7836_7921",1.02714403356921e-11,0.000156011515986316
"76",355500,199500,326500,234500,"7831_7921",8.41822788570315e-12,0.000127863323102127
"77",355500,198500,329500,228500,"7851_7926",8.28721430271221e-12,0.000125873375535943
"78",363500,172500,356500,199500,"7922_7989",8.19364973693959e-12,0.000124452236019797
"79",356500,199500,329500,228500,"7851_7922",7.94225452604107e-12,0.000120633828213086
"80",472500,264500,471500,305500,"7337_7720",7.40436760543224e-12,0.000112463936633052
"81",356500,198500,329500,229500,"7847_7927",6.41701289767222e-12,9.74671397146488e-05
"82",347500,165500,356500,199500,"7922_8040",6.03696966614551e-12,9.16947145480642e-05
"83",356500,199500,363500,213500,"7880_7922",5.91548185190536e-12,8.98494525931651e-05
"84",347500,157500,355500,199500,"7921_8221",5.59268168931986e-12,8.49464846471219e-05
"85",363500,172500,356500,198500,"7927_7989",5.44976019917995e-12,8.2775669492185e-05
"86",348500,157500,355500,199500,"7921_8222",5.23881303309221e-12,7.95716215593936e-05
"87",355500,199500,327500,233500,"7835_7921",5.07887422942215e-12,7.71423327342522e-05
"88",355500,199500,328500,230500,"7842_7921",4.62016760849398e-12,7.01751000010503e-05
"89",363500,213500,329500,228500,"7851_7880",4.3784681671548e-12,6.65039599248781e-05
"90",347500,157500,355500,198500,"7926_8221",4.08313578725952e-12,6.20181964095898e-05
"91",347500,165500,356500,198500,"7927_8040",4.01276076834443e-12,6.09492797796253e-05
"92",348500,157500,355500,198500,"7926_8222",3.83412870670954e-12,5.82360615912686e-05
"93",471500,263500,484500,297500,"7401_7721",3.78926334885865e-12,5.755460774791e-05
"94",472500,264500,452500,310500,"7300_7720",3.5621064994263e-12,5.41043531304082e-05
"95",363500,213500,326500,235500,"7828_7880",3.39568334899594e-12,5.15765744406331e-05
"96",356500,198500,327500,234500,"7832_7927",3.16981114402223e-12,4.81458321138078e-05
"97",363500,213500,328500,233500,"7836_7880",3.10625512704307e-12,4.71804883806104e-05
"98",355500,199500,329500,230500,"7843_7921",3.07769570577431e-12,4.67467031993492e-05
"99",355500,198500,363500,213500,"7880_7926",2.92104299100332e-12,4.43673263333932e-05
"100",471500,264500,484500,297500,"7401_7719",2.91428909055016e-12,4.42647422542298e-05
"101",326500,256500,334500,274500,"7663_7758",2.89151443688915e-12,4.39188211246127e-05
"102",472500,264500,453500,310500,"7301_7720",2.80031328389833e-12,4.25335791650839e-05
"103",356500,199500,326500,235500,"7828_7922",2.77811120780039e-12,4.21963548385162e-05
"104",355500,198500,326500,235500,"7828_7926",2.7761187484275e-12,4.21660916429812e-05
"105",348500,157500,362500,173500,"7981_8222",2.77570319999528e-12,4.21597799341304e-05
"106",356500,199500,328500,233500,"7836_7922",2.66513372834177e-12,4.04803552058839e-05
"107",355500,198500,328500,233500,"7836_7926",2.64837784862071e-12,4.02258524183944e-05
"108",347500,158500,355500,199500,"7921_8199",2.47715997526124e-12,3.76252473314969e-05
"109",491500,229500,472500,264500,"7720_7849",2.44907132301892e-12,3.71986125972125e-05
"110",344500,224500,338500,229500,"7848_7863",2.41512583938654e-12,3.66830192442556e-05
"111",348500,157500,362500,172500,"7988_8222",2.3646723713443e-12,3.59166883521133e-05
"112",492500,230500,472500,264500,"7720_7845",2.34504764786812e-12,3.56186110854138e-05
"113",363500,213500,326500,234500,"7831_7880",2.26842379698356e-12,3.44547817930729e-05
"114",347500,157500,362500,173500,"7981_8221",2.21380879441707e-12,3.36252419167241e-05
"115",355500,198500,326500,234500,"7831_7926",2.18728770204719e-12,3.32224166370151e-05
"116",356500,199500,326500,234500,"7831_7922",2.16432124485483e-12,3.28735822295403e-05
"117",355500,199500,327500,235500,"7829_7921",2.11632652178889e-12,3.21445968818046e-05
"118",472500,264500,453500,309500,"7309_7720",2.06627905995558e-12,3.13844327629761e-05
"119",325500,256500,334500,274500,"7663_7757",2.05519711183418e-12,3.12161105540163e-05
"120",355500,199500,328500,229500,"7846_7921",1.9573308965118e-12,2.97296338655199e-05
"121",356500,198500,329500,228500,"7851_7927",1.93823512584014e-12,2.94395907913213e-05
"122",347500,157500,356500,199500,"7922_8221",1.86932964020628e-12,2.83929947033164e-05
"123",347500,157500,362500,172500,"7988_8221",1.86009447507764e-12,2.82527230310859e-05
"124",347500,158500,355500,198500,"7926_8199",1.80760426014078e-12,2.74554562662397e-05
"125",348500,157500,356500,199500,"7922_8222",1.77445084576271e-12,2.69518935459003e-05
"126",313500,141500,338500,155500,"8258_8623",1.67381965218404e-12,2.5423419977187e-05
"127",326500,256500,334500,275500,"7647_7758",1.51913856117552e-12,2.30739898375015e-05
"128",493500,234500,471500,263500,"7721_7833",1.46738563396023e-12,2.22879216359922e-05
"129",347500,165500,362500,173500,"7981_8040",1.33632720949396e-12,2.02972929787133e-05
"130",363500,213500,327500,233500,"7835_7880",1.33183726559534e-12,2.02290958290026e-05
"131",355500,198500,327500,233500,"7835_7926",1.31806913872992e-12,2.00199736149444e-05
"132",314500,140500,338500,155500,"8258_8656",1.31650646265913e-12,1.99962383397706e-05
"133",356500,198500,363500,213500,"7880_7927",1.31180051146717e-12,1.99247602845396e-05
"134",356500,199500,327500,233500,"7835_7922",1.30737003641652e-12,1.98574663991058e-05
"135",491500,228500,472500,264500,"7720_7853",1.29839873599452e-12,1.97212025321638e-05
"136",347500,157500,356500,198500,"7927_8221",1.25099643175772e-12,1.90012153537806e-05
"137",355500,198500,328500,230500,"7842_7926",1.21122231143212e-12,1.83970916275824e-05
"138",315500,139500,338500,155500,"8258_8687",1.2098469128269e-12,1.83762008844664e-05
"139",313500,140500,338500,155500,"8258_8655",1.19896504246659e-12,1.82109176295192e-05
"140",348500,157500,356500,198500,"7927_8222",1.19074709422051e-12,1.80860963267354e-05
"141",502500,237500,472500,264500,"7720_7824",1.18665974710468e-12,1.80240141650265e-05
"142",356500,199500,328500,230500,"7842_7922",1.17454495579718e-12,1.78400042408123e-05
"143",325500,256500,334500,275500,"7647_7757",1.09165251821732e-12,1.65809622342402e-05
"144",472500,264500,453500,311500,"7294_7720",1.0846612611492e-12,1.64747729776023e-05
"145",348500,156500,355500,199500,"7921_8245",1.08237966660591e-12,1.64401181471276e-05
"146",314500,138500,338500,155500,"8258_8706",1.04295742177435e-12,1.58413390101468e-05
"147",328500,259500,334500,274500,"7663_7737",1.01250721996954e-12,1.5378835019431e-05
"148",348500,157500,363500,173500,"7982_8222",9.92413063015606e-13,1.50736275912228e-05
"149",471500,263500,487500,299500,"7369_7721",9.76228753309207e-13,1.48278063032664e-05
"150",347500,165500,362500,172500,"7988_8040",9.57105934398186e-13,1.45373523970237e-05
"151",329500,259500,334500,274500,"7663_7738",9.53577179222643e-13,1.44837546126343e-05
"152",325500,255500,334500,274500,"7663_7762",9.5212944769314e-13,1.44617652145288e-05
"153",312500,141500,338500,155500,"8258_8622",9.46313503025712e-13,1.43734276187483e-05
"154",472500,264500,452500,311500,"7293_7720",9.33274560419317e-13,1.4175380885632e-05
"155",315500,140500,338500,155500,"8258_8657",9.22637615740915e-13,1.40138177736921e-05
"156",315500,138500,338500,155500,"8258_8707",8.95197034943627e-13,1.35970265088045e-05
"157",350500,155500,362500,173500,"7981_8265",8.57501282164265e-13,1.30244708257503e-05
"158",314500,139500,338500,155500,"8258_8686",8.53296399130748e-13,1.2960603426908e-05
"159",346500,157500,355500,199500,"7921_8220",8.50759420010251e-13,1.2922069594682e-05
"160",347500,158500,362500,173500,"7981_8199",8.39810150935229e-13,1.27557626297863e-05
"161",471500,263500,487500,298500,"7382_7721",8.3449376105096e-13,1.26750127039423e-05
"162",327500,259500,334500,274500,"7663_7736",8.32255678894727e-13,1.26410187772207e-05
"163",472500,264500,472500,306500,"7331_7720",8.28257919588634e-13,1.25802973526193e-05
"164",347500,158500,356500,199500,"7922_8199",8.25723160821713e-13,1.25417972450431e-05
"165",363500,213500,328500,230500,"7842_7880",8.20069463188926e-13,1.24559239974953e-05
"166",355500,198500,329500,230500,"7843_7926",8.01188663925321e-13,1.21691460948955e-05
"167",348500,156500,355500,198500,"7926_8245",7.92456909497385e-13,1.20365206596108e-05
"168",356500,199500,329500,230500,"7843_7922",7.88809056902376e-13,1.19811139206489e-05
"169",347500,157500,363500,173500,"7982_8221",7.80289437691528e-13,1.18517105784427e-05
"170",328500,258500,334500,274500,"7663_7742",7.76289469439895e-13,1.17909556024666e-05
"171",363500,213500,327500,235500,"7829_7880",7.68795230196395e-13,1.16771266176961e-05
"172",350500,155500,362500,172500,"7988_8265",7.66914102739149e-13,1.16485544275478e-05
"173",312500,140500,338500,155500,"8258_8654",7.60142404448041e-13,1.15457000194346e-05
"174",344500,224500,331500,225500,"7860_7863",7.53024693816589e-13,1.14375900767515e-05
"175",471500,264500,487500,299500,"7369_7719",7.41772199168008e-13,1.12666774596911e-05
"176",355500,199500,329500,232500,"7838_7921",7.41105063074786e-13,1.12565444199351e-05
"177",350500,155500,355500,199500,"7921_8265",7.39796627334949e-13,1.12366707667111e-05
"178",313500,139500,338500,155500,"8258_8685",7.15970634560814e-13,1.08747809897092e-05
"179",347500,158500,362500,172500,"7988_8199",6.9590438982392e-13,1.05699975163849e-05
"180",471500,263500,495500,302500,"7344_7721",6.79672557480707e-13,1.03234544135349e-05
"181",471500,263500,495500,301500,"7351_7721",6.78022283922187e-13,1.0298388631985e-05
"182",356500,198500,326500,235500,"7828_7927",6.64205411493136e-13,1.00885260281635e-05
"183",348500,156500,362500,173500,"7981_8245",6.54358995594029e-13,9.93897015077471e-06
"184",349500,157500,355500,199500,"7921_8223",6.54350595548657e-13,9.93884256362334e-06
"185",347500,156500,355500,199500,"7921_8244",6.54186732147203e-13,9.93635366461405e-06
"186",313500,138500,338500,155500,"8258_8705",6.47922322948404e-13,9.84120440181132e-06
"187",356500,198500,328500,233500,"7836_7927",6.35728366348029e-13,9.65599204668668e-06
"188",471500,264500,487500,298500,"7382_7719",6.3240307082686e-13,9.60548458342884e-06
"189",363500,213500,329500,230500,"7843_7880",6.31802658375432e-13,9.5963650000303e-06
"190",346500,157500,355500,198500,"7926_8220",6.19434099369199e-13,9.40850063261309e-06
"191",471500,263500,472500,305500,"7338_7721",5.93581477467633e-13,9.01582866030273e-06
"192",312500,142500,338500,155500,"8258_8586",5.9063558946992e-13,8.97108396652769e-06
"193",313500,141500,338500,156500,"8239_8623",5.86208518030567e-13,8.90384177808473e-06
"194",471500,263500,496500,302500,"7345_7721",5.74381779901714e-13,8.72420705458407e-06
"195",314500,141500,338500,155500,"8258_8624",5.68604602003847e-13,8.63645828201545e-06
"196",313500,141500,340500,155500,"8260_8623",5.65141478250684e-13,8.58385736441076e-06
"197",348500,156500,362500,172500,"7988_8245",5.64195814196059e-13,8.56949380117581e-06
"198",472500,264500,452500,309500,"7308_7720",5.60700482179256e-13,8.51640367661733e-06
"199",354500,313500,361500,326500,"7138_7274",5.52500312816687e-13,8.39185241488694e-06
"200",347500,158500,356500,198500,"7927_8199",5.52236005028372e-13,8.38783787969086e-06
"201",356500,199500,327500,235500,"7829_7922",5.51767336372642e-13,8.38071933496042e-06
"202",350500,155500,355500,198500,"7926_8265",5.43793207687056e-13,8.25960137445537e-06
"203",355500,198500,327500,235500,"7829_7926",5.43771864418193e-13,8.25927719443557e-06
"204",313500,141500,339500,155500,"8259_8623",5.37002938992146e-13,8.15646490299419e-06
"205",315500,136500,338500,155500,"8258_8747",5.33888617019814e-13,8.10916188839314e-06
"206",328500,259500,334500,275500,"7647_7737",5.27369066492705e-13,8.01013731851376e-06
"207",356500,198500,326500,234500,"7831_7927",5.20126809302912e-13,7.9001356550259e-06
"208",355500,198500,328500,229500,"7846_7926",5.16311405433976e-13,7.84218400245929e-06
"209",325500,255500,334500,275500,"7647_7762",5.03148541608214e-13,7.64225504672727e-06
"210",471500,264500,495500,302500,"7344_7719",4.97630974710293e-13,7.55844947047238e-06
"211",316500,138500,338500,155500,"8258_8708",4.9715728607457e-13,7.55125467794578e-06
"212",471500,264500,495500,301500,"7351_7719",4.94572900119897e-13,7.51200078973682e-06
"213",356500,199500,328500,229500,"7846_7922",4.9406332994296e-13,7.5042609973409e-06
"214",344500,224500,330500,227500,"7854_7863",4.93499797409146e-13,7.4957015780156e-06
"215",329500,259500,334500,275500,"7647_7738",4.91110647076539e-13,7.45941309722542e-06
"216",355500,199500,325500,237500,"7823_7921",4.85766487635801e-13,7.37824138334953e-06
"217",349500,157500,355500,198500,"7926_8223",4.79925659537556e-13,7.28952583650882e-06
"218",347500,156500,355500,198500,"7926_8244",4.77842481533402e-13,7.25788472797137e-06
"219",471500,264500,472500,305500,"7338_7719",4.74997137499376e-13,7.21466718284204e-06
"220",349500,157500,362500,173500,"7981_8223",4.63017736448766e-13,7.03271368290111e-06
"221",314500,140500,340500,155500,"8260_8656",4.56690634466706e-13,6.93661218790521e-06
"222",314500,140500,338500,156500,"8239_8656",4.50134332892796e-13,6.83702941135391e-06
"223",316500,135500,338500,155500,"8258_8771",4.44765824207934e-13,6.75548786010714e-06
"224",327500,259500,334500,275500,"7647_7736",4.3892624835265e-13,6.66679133341515e-06
"225",315500,139500,340500,155500,"8260_8687",4.3245352784805e-13,6.56847805840449e-06
"226",314500,140500,339500,155500,"8259_8656",4.28305714289896e-13,6.50547748009344e-06
"227",355500,199500,325500,235500,"7827_7921",4.27530075105313e-13,6.49369640157957e-06
"228",312500,139500,338500,155500,"8258_8684",4.21845706328568e-13,6.40735729418062e-06
"229",347500,165500,363500,173500,"7982_8040",4.20498417661345e-13,6.3868935091052e-06
"230",471500,264500,496500,302500,"7345_7719",4.18092959215393e-13,6.35035732659036e-06
"231",399500,225500,369500,254500,"7767_7861",4.13728342735857e-13,6.28406375807252e-06
"232",313500,140500,338500,156500,"8239_8655",4.13719877856291e-13,6.28393518616335e-06
"233",313500,140500,340500,155500,"8260_8655",4.11677712334876e-13,6.25291701067108e-06
"234",493500,234500,471500,264500,"7719_7833",4.06985403659288e-13,6.1816461697735e-06
"235",315500,139500,338500,156500,"8239_8687",4.03955503350696e-13,6.13562542438803e-06
"236",328500,258500,334500,275500,"7647_7742",4.02616619451577e-13,6.11528929819691e-06
"237",349500,157500,362500,172500,"7988_8223",4.00082193101191e-13,6.07679423965041e-06
"238",315500,139500,339500,155500,"8259_8687",3.99732245580827e-13,6.07147893416419e-06
"239",346500,158500,355500,199500,"7921_8198",3.98693924487979e-13,6.0557080157261e-06
"240",343500,155500,355500,199500,"7921_8263",3.98441980903966e-13,6.05188127875443e-06
"241",492500,229500,472500,264500,"7720_7850",3.89358603663667e-13,5.91391509220022e-06
"242",313500,140500,339500,155500,"8259_8655",3.87986034304752e-13,5.89306732212297e-06
"243",313500,141500,341500,155500,"8261_8623",3.85220001276559e-13,5.85105442111852e-06
"244",314500,138500,340500,155500,"8260_8706",3.75048980608081e-13,5.69656816585562e-06
"245",344500,224500,330500,226500,"7857_7863",3.71464803778859e-13,5.64212858947537e-06
"246",317500,135500,338500,155500,"8258_8772",3.68335828259053e-13,5.59460300412657e-06
"247",348500,156500,356500,199500,"7922_8245",3.67471536422088e-13,5.58147539248374e-06
"248",355500,199500,327500,231500,"7840_7921",3.66300362530363e-13,5.56368659087851e-06
"249",313500,141500,336500,156500,"8238_8623",3.64789214927659e-13,5.54073397462686e-06
"250",315500,137500,338500,155500,"8258_8725",3.64243293077112e-13,5.53244204158433e-06
"251",313500,142500,338500,155500,"8258_8587",3.63240682523169e-13,5.51721352568466e-06
"252",399500,225500,382500,270500,"7695_7861",3.60426783734535e-13,5.47447359812831e-06
"253",317500,134500,338500,155500,"8258_8792",3.58517459946956e-13,5.44547313773778e-06
"254",471500,263500,471500,305500,"7337_7721",3.51618951314048e-13,5.34069262451952e-06
"255",326500,255500,334500,274500,"7663_7763",3.50320802832325e-13,5.32097522306558e-06
"256",314500,138500,338500,156500,"8239_8706",3.46950847860409e-13,5.26978943345949e-06
"257",314500,138500,339500,155500,"8259_8706",3.45608779958101e-13,5.2494049458752e-06
"258",312500,141500,338500,156500,"8239_8622",3.34287449538065e-13,5.07744679160601e-06
"259",491500,230500,472500,264500,"7720_7844",3.29189058581118e-13,5.00000802194094e-06
"260",315500,138500,340500,155500,"8260_8707",3.26075153673728e-13,4.95271134208281e-06
"261",350500,155500,363500,173500,"7982_8265",3.25378114107592e-13,4.94212410252718e-06
"262",315500,140500,340500,155500,"8260_8657",3.23660093064437e-13,4.91602931360963e-06
"263",312500,141500,340500,155500,"8260_8622",3.16778842434722e-13,4.81151092986426e-06
"264",314500,140500,341500,155500,"8261_8656",3.1514885874296e-13,4.7867533283523e-06
"265",356500,198500,327500,233500,"7835_7927",3.13873065898848e-13,4.76737548364997e-06
"266",315500,140500,338500,156500,"8239_8657",3.12449617944191e-13,4.74575492547353e-06
"267",316500,139500,338500,155500,"8258_8688",3.04675168268951e-13,4.62766986241e-06
"268",315500,139500,341500,155500,"8261_8687",3.0252361455167e-13,4.59499020442741e-06
"269",312500,141500,339500,155500,"8259_8622",3.02243446901906e-13,4.59073477594401e-06
"270",315500,140500,339500,155500,"8259_8657",3.01925376873909e-13,4.58590365337153e-06
"271",314500,139500,340500,155500,"8260_8686",3.01355397854359e-13,4.57724631924758e-06
"272",354500,313500,362500,326500,"7139_7274",2.99779501968022e-13,4.55331025008601e-06
"273",347500,156500,362500,173500,"7981_8244",2.98724241093578e-13,4.53728203559978e-06
"274",315500,138500,339500,155500,"8259_8707",2.98635102905837e-13,4.53592812773999e-06
"275",315500,138500,338500,156500,"8239_8707",2.9494697113378e-13,4.47990959381379e-06
"276",347500,158500,363500,173500,"7982_8199",2.92059320951848e-13,4.4360494663343e-06
"277",346500,158500,355500,198500,"7926_8198",2.90100203869506e-13,4.40629270233415e-06
"278",326500,257500,334500,274500,"7663_7749",2.89674204548268e-13,4.39982225634573e-06
"279",354500,151500,362500,173500,"7981_8346",2.89442275480498e-13,4.39629951715029e-06
"280",343500,155500,355500,198500,"7926_8263",2.87844548247115e-13,4.37203185461551e-06
"281",314500,139500,338500,156500,"8239_8686",2.87664638510125e-13,4.36929922998925e-06
"282",363500,213500,328500,229500,"7846_7880",2.87414016752504e-13,4.36549257005961e-06
"283",356500,198500,328500,230500,"7842_7927",2.84999557474985e-13,4.32881967513326e-06
"284",355500,199500,327500,230500,"7841_7921",2.84275930387911e-13,4.31782860132341e-06
"285",313500,140500,341500,155500,"8261_8655",2.82812645511032e-13,4.29560296553128e-06
"286",471500,264500,471500,305500,"7337_7719",2.81421369091287e-13,4.27447105644096e-06
"287",346500,157500,356500,199500,"7922_8220",2.80664013808028e-13,4.26296768962775e-06
"288",314500,139500,339500,155500,"8259_8686",2.80163471170237e-13,4.25536501530113e-06
"289",311500,140500,338500,155500,"8258_8653",2.78259651835551e-13,4.22644816130001e-06
"290",567500,334500,522500,362500,"6899_7107",2.77336839737117e-13,4.21243169333232e-06
"291",354500,151500,362500,172500,"7988_8346",2.76582048992941e-13,4.20096727895587e-06
"292",314500,140500,336500,156500,"8238_8656",2.7131765058706e-13,4.12100704463474e-06
"293",312500,140500,338500,156500,"8239_8654",2.64602568611176e-13,4.01901257406476e-06
"294",314500,138500,341500,155500,"8261_8706",2.63195894895169e-13,3.99764679752711e-06
"295",374500,334500,385500,340500,"7087_7106",2.63027469607754e-13,3.99508860864985e-06
"296",399500,224500,369500,254500,"7767_7864",2.62727245216068e-13,3.99052854103011e-06
"297",491500,229500,471500,263500,"7721_7849",2.59788314978866e-13,3.94588952773704e-06
"298",312500,140500,340500,155500,"8260_8654",2.58563165423768e-13,3.92728089709187e-06
"299",350500,155500,356500,199500,"7922_8265",2.5832376351942e-13,3.92364465399385e-06
"300",347500,156500,362500,172500,"7988_8244",2.54166820752496e-13,3.86050541336734e-06
"301",313500,140500,336500,156500,"8238_8655",2.52665082004488e-13,3.83769570693523e-06
"302",346500,157500,362500,173500,"7981_8220",2.5134380333604e-13,3.81762698420812e-06
"303",313500,139500,340500,155500,"8260_8685",2.50075599975751e-13,3.79836441514757e-06
"304",348500,156500,356500,198500,"7927_8245",2.46711030045619e-13,3.74726041821173e-06
"305",312500,140500,339500,155500,"8259_8654",2.44780917425084e-13,3.71794419905329e-06
"306",344500,224500,330500,228500,"7852_7863",2.43642903693469e-13,3.70065906262841e-06
"307",313500,139500,338500,156500,"8239_8685",2.43606216984652e-13,3.70010183317742e-06
"308",492500,230500,471500,263500,"7721_7845",2.41899851557288e-13,3.67418407982937e-06
"309",348500,156500,363500,173500,"7982_8245",2.37083273914526e-13,3.60102573442168e-06
"310",315500,139500,336500,156500,"8238_8687",2.35139075340838e-13,3.57149556562874e-06
"311",355500,199500,327500,232500,"7837_7921",2.345841545058e-13,3.56306694822969e-06
"312",313500,139500,339500,155500,"8259_8685",2.33724377159927e-13,3.55000790658058e-06
"313",313500,138500,340500,155500,"8260_8705",2.302535060806e-13,3.49728931588816e-06
"314",315500,138500,341500,155500,"8261_8707",2.3013003374737e-13,3.49541391134313e-06
"315",349500,157500,356500,199500,"7922_8223",2.24635566700126e-13,3.41195919559126e-06
"316",315500,140500,341500,155500,"8261_8657",2.24444910880826e-13,3.40906335017636e-06
"317",471500,263500,452500,310500,"7300_7721",2.20729592665206e-13,3.3526318850413e-06
"318",347500,156500,356500,199500,"7922_8244",2.19230492479905e-13,3.32986225538074e-06
"319",363500,213500,329500,232500,"7838_7880",2.18643076086712e-13,3.32094006735043e-06
"320",313500,138500,338500,156500,"8239_8705",2.17538904040665e-13,3.30416894770375e-06
"321",312500,141500,341500,155500,"8261_8622",2.15116855951672e-13,3.26738078734786e-06
"322",313500,138500,339500,155500,"8259_8705",2.13386775654436e-13,3.24110283205351e-06
"323",362500,326500,374500,334500,"7106_7139",2.12511498124942e-13,3.22780836021487e-06
"324",312500,142500,338500,156500,"8239_8586",2.11890536441253e-13,3.21837665731093e-06
"325",312500,141500,336500,156500,"8238_8622",2.10362742812315e-13,3.19517120682152e-06
"326",314500,139500,341500,155500,"8261_8686",2.09700108068909e-13,3.18510653745819e-06
"327",397500,320500,392500,339500,"7094_7178",2.08674518709599e-13,3.1695289995963e-06
"328",346500,157500,362500,172500,"7988_8220",2.08371063651713e-13,3.16491986182523e-06
"329",316500,140500,338500,155500,"8258_8658",2.04927379811018e-13,3.11261421441787e-06
"330",566500,328500,522500,362500,"6899_7127",2.02019055810763e-13,3.06844007511217e-06
"331",315500,136500,340500,155500,"8260_8747",2.01925220840565e-13,3.06701482845983e-06
"332",314500,138500,336500,156500,"8238_8706",2.01064820495917e-13,3.05394632416669e-06
"333",341500,155500,355500,199500,"7921_8261",1.99718209915772e-13,3.03349283846404e-06
"334",399500,224500,382500,270500,"7695_7864",1.99255791037704e-13,3.02646922075998e-06
"335",330500,259500,334500,274500,"7663_7739",1.97585496627546e-13,3.00109934520643e-06
"336",314500,141500,338500,156500,"8239_8624",1.97342803790636e-13,2.99741311657948e-06
"337",313500,141500,339500,156500,"8240_8623",1.94865613211973e-13,2.95978740441707e-06
"338",312500,142500,340500,155500,"8260_8586",1.94656364399021e-13,2.95660915254001e-06
"339",314500,141500,340500,155500,"8260_8624",1.93791787975732e-13,2.94347721835405e-06
"340",356500,199500,329500,232500,"7838_7922",1.92604515171322e-13,2.92544389254465e-06
"341",313500,141500,343500,155500,"8263_8623",1.90913575072578e-13,2.89976043242363e-06
"342",355500,198500,329500,232500,"7838_7926",1.90807168240908e-13,2.89814423347027e-06
"343",356500,198500,329500,230500,"7843_7927",1.90072755625457e-13,2.8869893397308e-06
"344",346500,157500,356500,198500,"7927_8220",1.87262907249931e-13,2.84431093335051e-06
"345",312500,142500,339500,155500,"8259_8586",1.87140442541952e-13,2.84245083348894e-06
"346",315500,140500,336500,156500,"8238_8657",1.85647375476383e-13,2.81977284006681e-06
"347",316500,138500,340500,155500,"8260_8708",1.83634730936947e-13,2.78920305477118e-06
"348",314500,141500,339500,155500,"8259_8624",1.83319517415285e-13,2.78441531928651e-06
"349",326500,255500,334500,275500,"7647_7763",1.83260257625537e-13,2.7835152303668e-06
"350",492500,232500,472500,264500,"7720_7839",1.83229096051805e-13,2.78304192144423e-06
"351",363500,213500,325500,237500,"7823_7880",1.82104732869423e-13,2.76596412136266e-06
"352",315500,136500,339500,155500,"8259_8747",1.81551509710481e-13,2.75756128973589e-06
"353",361500,326500,374500,334500,"7106_7138",1.77987333070868e-13,2.70342549352659e-06
"354",312500,140500,341500,155500,"8261_8654",1.76894131622564e-13,2.68682100480307e-06
"355",350500,155500,356500,198500,"7927_8265",1.74237885063877e-13,2.64647563561329e-06
"356",316500,135500,340500,155500,"8260_8771",1.74148753564521e-13,2.64512182934249e-06
"357",313500,139500,341500,155500,"8261_8685",1.73170539244774e-13,2.63026386453954e-06
"358",472500,263500,484500,297500,"7401_7722",1.71924038720177e-13,2.61133093691065e-06
"359",315500,136500,338500,156500,"8239_8747",1.7169538020122e-13,2.60785787363814e-06
"360",471500,263500,453500,310500,"7301_7721",1.71089034930193e-13,2.59864817744634e-06
"361",327500,256500,334500,274500,"7663_7759",1.70177389695043e-13,2.58480132145251e-06
"362",314500,139500,336500,156500,"8238_8686",1.70009553853236e-13,2.58225208558478e-06
"363",471500,264500,452500,310500,"7300_7719",1.69107880670692e-13,2.56855669374726e-06
"364",355500,199500,328500,239500,"7820_7921",1.69048232767207e-13,2.56765070982057e-06
"365",315500,138500,336500,156500,"8238_8707",1.68221517932549e-13,2.55509385017595e-06
"366",349500,157500,363500,173500,"7982_8223",1.68161698849302e-13,2.55418526622304e-06
"367",316500,138500,339500,155500,"8259_8708",1.67060562128983e-13,2.53746024972772e-06
"368",344500,224500,330500,225500,"7859_7863",1.65838552068542e-13,2.51889930444165e-06
"369",312500,140500,336500,156500,"8238_8654",1.63554635230633e-13,2.4842092009485e-06
"370",353500,313500,361500,326500,"7138_7273",1.62840730755028e-13,2.47336580256731e-06
"371",316500,138500,338500,156500,"8239_8708",1.62172223603012e-13,2.46321193798502e-06
"372",314500,137500,338500,155500,"8258_8724",1.61785168849628e-13,2.45733301576266e-06
"373",313500,138500,341500,155500,"8261_8705",1.60739594847002e-13,2.44145193386038e-06
"374",314500,140500,343500,155500,"8263_8656",1.59733473460021e-13,2.42617009239324e-06
"375",315500,139500,343500,155500,"8263_8687",1.57207625596219e-13,2.3878053313175e-06
"376",316500,135500,339500,155500,"8259_8771",1.53957869165453e-13,2.33844522107197e-06
"377",326500,257500,334500,275500,"7647_7749",1.52941558307989e-13,2.32300861311785e-06
"378",314500,140500,339500,156500,"8240_8656",1.51819391652989e-13,2.30596417579318e-06
"379",349500,157500,356500,198500,"7927_8223",1.51110326409588e-13,2.29519427985445e-06
"380",398500,318500,392500,339500,"7094_7196",1.50746067254152e-13,2.28966159688164e-06
"381",325500,256500,320500,285500,"7538_7757",1.49506280171741e-13,2.27083063881677e-06
"382",567500,328500,522500,362500,"6899_7128",1.48202483938154e-13,2.25102745442477e-06
"383",347500,156500,356500,198500,"7927_8244",1.46802138946652e-13,2.22975780402639e-06
"384",317500,135500,340500,155500,"8260_8772",1.46734900724897e-13,2.2287365317836e-06
"385",326500,256500,320500,285500,"7538_7758",1.46648531481318e-13,2.22742468104165e-06
"386",311500,141500,338500,155500,"8258_8621",1.46635653647715e-13,2.22722908137136e-06
"387",316500,134500,338500,155500,"8258_8791",1.46254820325737e-13,2.22144465562794e-06
"388",313500,139500,336500,156500,"8238_8685",1.45994722862338e-13,2.21749407048672e-06
"389",312500,139500,340500,155500,"8260_8684",1.45852069555436e-13,2.21532732873065e-06
"390",317500,134500,340500,155500,"8260_8792",1.45637045793736e-13,2.21206136193929e-06
"391",315500,136500,341500,155500,"8261_8747",1.45061878688018e-13,2.20332522667725e-06
"392",312500,139500,338500,156500,"8239_8684",1.4480466314102e-13,2.1994184145739e-06
"393",340500,155500,355500,199500,"7921_8260",1.44296479176963e-13,2.19169967717763e-06
"394",341500,155500,355500,198500,"7926_8261",1.43259938259184e-13,2.17595579757757e-06
"395",363500,213500,399500,224500,"7864_7880",1.43094163224663e-13,2.17343786303254e-06
"396",313500,140500,343500,155500,"8263_8655",1.42210501418278e-13,2.16001604354787e-06
"397",316500,135500,338500,156500,"8239_8771",1.40115882095004e-13,2.12820115436404e-06
"398",491500,228500,471500,263500,"7721_7853",1.39074734289359e-13,2.11238730136818e-06
"399",313500,140500,339500,156500,"8240_8655",1.38735850223023e-13,2.10724003718664e-06
"400",315500,139500,339500,156500,"8240_8687",1.38429694571196e-13,2.10258988046e-06
"401",314500,138500,343500,155500,"8263_8706",1.3765831597177e-13,2.090873515397e-06
"402",397500,319500,392500,339500,"7094_7189",1.3756353609851e-13,2.08943391674003e-06
"403",312500,139500,339500,155500,"8259_8684",1.36981613375914e-13,2.0805951713283e-06
"404",329500,258500,334500,274500,"7663_7743",1.36202736297073e-13,2.06876491287713e-06
"405",312500,142500,336500,156500,"8238_8586",1.35717054089639e-13,2.06138795161435e-06
"406",315500,137500,340500,155500,"8260_8725",1.35200819459137e-13,2.05354693373593e-06
"407",363500,213500,369500,254500,"7767_7880",1.35022207420023e-13,2.05083401966694e-06
"408",472500,264500,496500,303500,"7342_7720",1.33417203767986e-13,2.02645583659481e-06
"409",314500,141500,341500,155500,"8261_8624",1.32638090621087e-13,2.01462199253789e-06
"410",399500,225500,381500,270500,"7694_7861",1.32374858303852e-13,2.01062379252637e-06
"411",471500,264500,453500,310500,"7301_7719",1.31606931679974e-13,1.99895985905239e-06
"412",312500,142500,341500,155500,"8261_8586",1.31236070914403e-13,1.99332690511744e-06
"413",346500,158500,356500,199500,"7922_8198",1.31133735862851e-13,1.99177255188076e-06
"414",356500,198500,327500,235500,"7829_7927",1.31113595885132e-13,1.99146664848716e-06
"415",316500,138500,341500,155500,"8261_8708",1.30401938163559e-13,1.98065737574864e-06
"416",318500,134500,338500,155500,"8258_8793",1.30361146805351e-13,1.98003780133402e-06
"417",313500,142500,338500,156500,"8239_8587",1.29218799139777e-13,1.96268683737328e-06
"418",317500,135500,339500,155500,"8259_8772",1.28648366223468e-13,1.95402260907292e-06
"419",313500,138500,336500,156500,"8238_8705",1.27937258163543e-13,1.94322168507072e-06
"420",363500,213500,328500,239500,"7820_7880",1.27526891310678e-13,1.93698867852698e-06
"421",343500,155500,356500,199500,"7922_8263",1.27436087896171e-13,1.93560947776341e-06
"422",316500,135500,341500,155500,"8261_8771",1.27127114283205e-13,1.93091651940671e-06
"423",471500,263500,453500,309500,"7309_7721",1.26971476405071e-13,1.92855255675698e-06
"424",317500,134500,339500,155500,"8259_8792",1.26463424660511e-13,1.92083582762476e-06
"425",356500,199500,325500,237500,"7823_7922",1.26258570326066e-13,1.91772432288651e-06
"426",355500,198500,325500,237500,"7823_7926",1.25153864019686e-13,1.90094508843201e-06
"427",363500,213500,399500,225500,"7861_7880",1.24735113510305e-13,1.89458474366502e-06
"428",354500,151500,363500,173500,"7982_8346",1.24266822031937e-13,1.88747192783045e-06
"429",315500,137500,339500,155500,"8259_8725",1.22684543861874e-13,1.86343891902584e-06
"430",315500,138500,343500,155500,"8263_8707",1.21583040201486e-13,1.84670832912752e-06
"431",314500,141500,336500,156500,"8238_8624",1.21309551723176e-13,1.84255434967464e-06
"432",315500,135500,338500,155500,"8258_8770",1.21290164044191e-13,1.84225987284462e-06
"433",350500,156500,362500,173500,"7981_8247",1.20768156696399e-13,1.83433117394519e-06
"434",313500,142500,340500,155500,"8260_8587",1.20644758038352e-13,1.83245688844254e-06
"435",356500,198500,328500,229500,"7846_7927",1.20643932043368e-13,1.8324443425166e-06
"436",314500,138500,339500,156500,"8240_8706",1.19198906516462e-13,1.81049604551797e-06
"437",315500,137500,338500,156500,"8239_8725",1.18519781872771e-13,1.80018091329277e-06
"438",363500,213500,325500,235500,"7827_7880",1.18178338688236e-13,1.79499477901155e-06
"439",313500,142500,339500,155500,"8259_8587",1.15558461883336e-13,1.75520182508575e-06
"440",350500,156500,355500,199500,"7921_8247",1.15067742286088e-13,1.74774835159139e-06
"441",317500,135500,338500,156500,"8239_8772",1.14896183815639e-13,1.74514257322144e-06
"442",311500,139500,338500,155500,"8258_8683",1.14891435944153e-13,1.74507045844455e-06
"443",315500,140500,343500,155500,"8263_8657",1.14745806565976e-13,1.74285851354499e-06
"444",567500,329500,522500,362500,"6899_7121",1.13385391701261e-13,1.72219535643381e-06
"445",355500,198500,325500,235500,"7827_7926",1.11208402634609e-13,1.68912936437486e-06
"446",317500,134500,338500,156500,"8239_8792",1.10730970280642e-13,1.68187770901894e-06
"447",312500,141500,339500,156500,"8240_8622",1.10579896959496e-13,1.67958307680702e-06
"448",316500,139500,340500,155500,"8260_8688",1.10344073857701e-13,1.67600119165623e-06
"449",356500,199500,325500,235500,"7827_7922",1.09791940601814e-13,1.66761491441934e-06
"450",317500,134500,341500,155500,"8261_8792",1.08143467020413e-13,1.64257647247814e-06
"451",314500,139500,343500,155500,"8263_8686",1.07955490618633e-13,1.63972132437301e-06
"452",317500,135500,341500,155500,"8261_8772",1.07945432908718e-13,1.63956855917943e-06
"453",397500,318500,392500,339500,"7094_7195",1.07945017594173e-13,1.63956225102306e-06
"454",472500,264500,451500,314500,"7268_7720",1.07235895379754e-13,1.62879148975926e-06
"455",350500,156500,362500,172500,"7988_8247",1.06998082987805e-13,1.62517938954977e-06
"456",347500,156500,363500,173500,"7982_8244",1.06663549962542e-13,1.62009821274174e-06
"457",327500,234500,325500,255500,"7762_7832",1.06433666626044e-13,1.6166065458815e-06
"458",315500,140500,339500,156500,"8240_8657",1.06045506780829e-13,1.61071083856901e-06
"459",312500,141500,343500,155500,"8263_8622",1.05906089327149e-13,1.60859324574924e-06
"460",567500,334500,521500,362500,"6898_7107",1.03634980807795e-13,1.57409768607173e-06
"461",340500,155500,355500,198500,"7926_8260",1.03107794429329e-13,1.56609032357691e-06
"462",355500,199500,326500,233500,"7834_7921",1.0237236372034e-13,1.55491996615259e-06
"463",315500,138500,339500,156500,"8240_8707",1.02050641894726e-13,1.55003337692075e-06
"464",338500,155500,355500,199500,"7921_8258",1.01491666896713e-13,1.54154318138941e-06
"465",316500,139500,339500,155500,"8259_8688",1.01356495705124e-13,1.53949008446938e-06
"466",312500,138500,338500,155500,"8258_8704",1.01044365863026e-13,1.53474918657592e-06
"467",330500,259500,334500,275500,"7647_7739",1.00772618509973e-13,1.53062165283874e-06
"468",316500,139500,338500,156500,"8239_8688",1.00710456746929e-13,1.5296774862397e-06
"469",312500,139500,341500,155500,"8261_8684",1.00545821955996e-13,1.5271768707001e-06
"470",346500,158500,362500,173500,"7981_8198",9.98085587463788e-14,1.51597867967195e-06
"471",314500,139500,339500,156500,"8240_8686",9.79215272201466e-14,1.48731681341952e-06
"472",311500,140500,338500,156500,"8239_8653",9.76731915667779e-14,1.48354487681771e-06
"473",471500,264500,453500,309500,"7309_7719",9.75159771435994e-14,1.48115696823884e-06
"474",328500,257500,334500,274500,"7663_7750",9.70943316920834e-14,1.47475265258788e-06
"475",315500,137500,341500,155500,"8261_8725",9.62693827101243e-14,1.46222261424072e-06
"476",325500,256500,318500,283500,"7554_7757",9.61726274460106e-14,1.46075301163965e-06
"477",355500,198500,327500,231500,"7840_7926",9.6122288559005e-14,1.45998842110335e-06
"478",354500,313500,362500,325500,"7146_7274",9.59762877036602e-14,1.45777083388742e-06
"479",326500,235500,325500,255500,"7762_7828",9.57090517194157e-14,1.45371182272e-06
"480",502500,237500,471500,263500,"7721_7824",9.50551286266787e-14,1.44377947343868e-06
"481",315500,136500,336500,156500,"8238_8747",9.40842690625864e-14,1.42903321902317e-06
"482",311500,140500,340500,155500,"8260_8653",9.38372062761861e-14,1.42528061582533e-06
"483",356500,199500,327500,231500,"7840_7922",9.30405911273503e-14,1.41318093623164e-06
"484",316500,138500,336500,156500,"8238_8708",9.09062453216232e-14,1.38076264688682e-06
"485",326500,256500,318500,283500,"7554_7758",8.99292912995742e-14,1.36592382457491e-06
"486",311500,140500,339500,155500,"8259_8653",8.92032486048268e-14,1.35489606042729e-06
"487",327500,256500,334500,275500,"7647_7759",8.84951516723482e-14,1.34414087203201e-06
"488",313500,139500,343500,155500,"8263_8685",8.83827886412028e-14,1.34243420517158e-06
"489",312500,140500,343500,155500,"8263_8654",8.83017448992099e-14,1.34120324275187e-06
"490",312500,140500,339500,156500,"8240_8654",8.82624972476699e-14,1.34060711548875e-06
"491",312500,139500,336500,156500,"8238_8684",8.79040733702865e-14,1.33516306376389e-06
"492",354500,150500,362500,173500,"7981_8360",8.78191602376332e-14,1.33387332969355e-06
"493",346500,157500,363500,173500,"7982_8220",8.74449201899295e-14,1.32818904830001e-06
"494",346500,158500,356500,198500,"7927_8198",8.74257557527858e-14,1.32789796226007e-06
"495",350500,154500,362500,173500,"7981_8284",8.67471104414198e-14,1.31759011054863e-06
"496",401500,289500,383500,289500,"7512_7515",8.63825971286144e-14,1.31205356721397e-06
"497",353500,313500,362500,326500,"7139_7273",8.59188480466995e-14,1.30500974522384e-06
"498",327500,234500,326500,256500,"7758_7832",8.58522268944209e-14,1.30399784556576e-06
"499",350500,156500,355500,198500,"7926_8247",8.45660909259253e-14,1.28446290054814e-06
"500",343500,155500,356500,198500,"7927_8263",8.43274637010927e-14,1.28083842395235e-06
"501",354500,150500,362500,172500,"7988_8360",8.41642792105493e-14,1.27835983682892e-06
"502",384500,288500,401500,289500,"7515_7522",8.3888404116091e-14,1.27416960738663e-06
"503",313500,138500,343500,155500,"8263_8705",8.32912824411734e-14,1.26510000714678e-06
"504",338500,156500,355500,199500,"7921_8239",8.25795496523398e-14,1.25428959422181e-06
"505",398500,317500,392500,339500,"7094_7211",8.25479930723724e-14,1.25381028560304e-06
"506",313500,139500,339500,156500,"8240_8685",8.24150330161444e-14,1.25179077331851e-06
"507",313500,142500,336500,156500,"8238_8587",8.19184670468883e-14,1.24424850007162e-06
"508",313500,142500,341500,155500,"8261_8587",8.1613458741312e-14,1.23961577023177e-06
"509",346500,158500,362500,172500,"7988_8198",8.15705112128164e-14,1.23896344603872e-06
"510",344500,224500,327500,234500,"7832_7863",8.12018379187994e-14,1.23336371731291e-06
"511",344500,224500,329500,229500,"7847_7863",8.08114251971203e-14,1.22743379136495e-06
"512",472500,264500,454500,310500,"7302_7720",8.0112958389917e-14,1.21682487363807e-06
"513",354500,151500,355500,199500,"7921_8346",7.92478118466931e-14,1.20368427997764e-06
"514",315500,136500,343500,155500,"8263_8747",7.92465249971604e-14,1.2036647341944e-06
"515",350500,154500,362500,172500,"7988_8284",7.82357547996805e-14,1.18831228257428e-06
"516",566500,328500,521500,362500,"6898_7127",7.80665864843748e-14,1.18574280794705e-06
"517",316500,139500,341500,155500,"8261_8688",7.76375185375424e-14,1.17922575302011e-06
"518",400500,289500,383500,289500,"7512_7514",7.73994570112061e-14,1.17560986874216e-06
"519",493500,234500,472500,263500,"7722_7833",7.71466123637096e-14,1.17176944563929e-06
"520",334500,275500,339500,289500,"7511_7647",7.60943247527571e-14,1.15578639164949e-06
"521",327500,234500,325500,256500,"7757_7832",7.53637091583974e-14,1.14468917034907e-06
"522",384500,288500,400500,289500,"7514_7522",7.50836330428314e-14,1.14043513216621e-06
"523",326500,235500,326500,256500,"7758_7828",7.50820341199359e-14,1.14041084634292e-06
"524",355500,198500,327500,230500,"7841_7926",7.50469038710416e-14,1.13987725775088e-06
"525",472500,264500,449500,312500,"7284_7720",7.46674278287548e-14,1.13411344754483e-06
"526",313500,138500,339500,156500,"8240_8705",7.42520203906648e-14,1.12780388023486e-06
"527",316500,135500,336500,156500,"8238_8771",7.38693817367156e-14,1.12199203354865e-06
"528",399500,224500,381500,270500,"7694_7864",7.34776273433291e-14,1.11604172913086e-06
"529",316500,140500,340500,155500,"8260_8658",7.27736481365709e-14,1.1053490843138e-06
"530",338500,155500,355500,198500,"7926_8258",7.19277344183822e-14,1.09250061542774e-06
"531",356500,199500,327500,230500,"7841_7922",7.17106157188785e-14,1.08920282890983e-06
"532",316500,135500,343500,155500,"8263_8771",7.15382268214349e-14,1.08658443729673e-06
"533",355500,199500,329500,238500,"7821_7921",7.08092445416468e-14,1.0755120241901e-06
"534",399500,321500,392500,339500,"7094_7170",7.04837771263853e-14,1.07056854370444e-06
"535",346500,156500,355500,199500,"7921_8243",7.01099861806442e-14,1.06489108365978e-06
"536",329500,258500,334500,275500,"7647_7743",6.99276866566412e-14,1.06212216088227e-06
"537",343500,155500,362500,173500,"7981_8263",6.96743105437517e-14,1.05827366542353e-06
"538",316500,138500,343500,155500,"8263_8708",6.96502564988518e-14,1.05790831179368e-06
"539",312500,142500,339500,156500,"8240_8586",6.95195461271591e-14,1.05592296966284e-06
"540",491500,229500,471500,264500,"7719_7849",6.94106995825751e-14,1.05426971424048e-06
"541",316500,140500,338500,156500,"8239_8658",6.8703891350138e-14,1.04353409973557e-06
"542",350500,154500,355500,199500,"7921_8284",6.83240785509868e-14,1.03776517457513e-06
"543",363500,213500,327500,231500,"7840_7880",6.78264557612976e-14,1.03020684942583e-06
"544",326500,235500,325500,256500,"7757_7828",6.7645834011338e-14,1.02746341013102e-06
"545",316500,140500,339500,155500,"8259_8658",6.74911800945909e-14,1.02511439273751e-06
"546",339500,155500,355500,199500,"7921_8259",6.70383293847732e-14,1.01823610464498e-06
"547",315500,137500,336500,156500,"8238_8725",6.62482370934078e-14,1.00623549984988e-06
"548",314500,141500,343500,155500,"8263_8624",6.62109987805483e-14,1.00566989215981e-06
"549",314500,141500,339500,156500,"8240_8624",6.5951652034747e-14,1.0017307095665e-06
"550",471500,263500,453500,311500,"7294_7721",6.59032594154616e-14,1.00099568062698e-06
"551",325500,255500,320500,285500,"7538_7762",6.58172938682612e-14,9.9968996157464e-07
"552",492500,230500,471500,264500,"7719_7845",6.53136206665517e-14,9.920397375367e-07
"553",311500,140500,341500,155500,"8261_8653",6.3954216787845e-14,9.71391936155063e-07
"554",312500,142500,343500,155500,"8263_8586",6.37508535948503e-14,9.68303080162328e-07
"555",317500,134500,343500,155500,"8263_8792",6.28145334080558e-14,9.54081439670216e-07
"556",341500,155500,356500,199500,"7922_8261",6.2402282600051e-14,9.4781981798704e-07
"557",317500,135500,343500,155500,"8263_8772",6.15908753080301e-14,9.35495462534119e-07
"558",355500,198500,327500,232500,"7837_7926",6.12088129815837e-14,9.29692369608287e-07
"559",311500,140500,336500,156500,"8238_8653",6.1044583182183e-14,9.27197905430211e-07
"560",315500,136500,339500,156500,"8240_8747",6.05469032431264e-14,9.19638712246914e-07
"561",345500,159500,355500,199500,"7921_8170",6.00842825867043e-14,9.12612029758754e-07
"562",356500,199500,327500,232500,"7837_7922",5.99878497980147e-14,9.11147325193224e-07
"563",317500,135500,336500,156500,"8238_8772",5.93415145235618e-14,9.01330226256045e-07
"564",314500,137500,340500,155500,"8260_8724",5.92414944447934e-14,8.99811034827409e-07
"565",354500,151500,355500,198500,"7926_8346",5.84686916727914e-14,8.88073038200051e-07
"566",338500,156500,355500,198500,"7926_8239",5.84240131725424e-14,8.87394422511497e-07
"567",316500,134500,340500,155500,"8260_8791",5.83625828583291e-14,8.86461365789684e-07
"568",348500,157500,363500,172500,"7989_8222",5.82104482604883e-14,8.84150613989798e-07
"569",316500,139500,336500,156500,"8238_8688",5.76610224333212e-14,8.75805459521003e-07
"570",471500,263500,452500,311500,"7293_7721",5.74974004113658e-14,8.73320226792219e-07
"571",343500,155500,362500,172500,"7988_8263",5.71435793501135e-14,8.67946086618124e-07
"572",567500,328500,521500,362500,"6898_7128",5.70534597540119e-14,8.66577272279688e-07
"573",316500,138500,339500,156500,"8240_8708",5.65422068762104e-14,8.58811921568258e-07
"574",339500,156500,355500,199500,"7921_8240",5.62677645071845e-14,8.54643453598501e-07
"575",317500,134500,346500,139500,"8691_8792",5.6157215422507e-14,8.52964338525272e-07
"576",317500,134500,336500,156500,"8238_8792",5.60594285827653e-14,8.51479067461718e-07
"577",334500,275500,339500,288500,"7520_7647",5.56607424166632e-14,8.45423477287064e-07
"578",329500,257500,334500,274500,"7663_7751",5.43011290132392e-14,8.24772493462877e-07
"579",314500,137500,339500,155500,"8259_8724",5.41090007212742e-14,8.21854282860108e-07
"580",318500,134500,340500,155500,"8260_8793",5.39782669107958e-14,8.19868584720721e-07
"581",363500,213500,329500,238500,"7821_7880",5.37644507425385e-14,8.16620959902584e-07
"582",314500,137500,338500,156500,"8239_8724",5.31482416254445e-14,8.07261443088924e-07
"583",311500,141500,338500,156500,"8239_8621",5.22258305901262e-14,7.93251066814581e-07
"584",363500,213500,327500,232500,"7837_7880",5.183701743994e-14,7.87345436541367e-07
"585",315500,137500,343500,155500,"8263_8725",5.17173258619231e-14,7.85527457375162e-07
"586",325500,237500,325500,255500,"7762_7823",5.15651158006281e-14,7.83215559371093e-07
"587",316500,134500,339500,155500,"8259_8791",5.11161865773395e-14,7.76396834206284e-07
"588",346500,156500,355500,198500,"7926_8243",5.10774808320392e-14,7.75808937883633e-07
"589",312500,139500,343500,155500,"8263_8684",5.09086524506486e-14,7.73244626466593e-07
"590",471500,264500,453500,311500,"7294_7719",5.07706788673088e-14,7.71148964397847e-07
"591",316500,140500,341500,155500,"8261_8658",5.07359802072559e-14,7.70621931150256e-07
"592",399500,320500,392500,339500,"7094_7180",5.06228015382861e-14,7.6890287567739e-07
"593",472500,264500,452500,315500,"7256_7720",5.05935708762432e-14,7.68458895110931e-07
"594",316500,135500,339500,156500,"8240_8771",5.03047661562984e-14,7.64072279338454e-07
"595",350500,154500,355500,198500,"7926_8284",5.02306499694696e-14,7.62946538615791e-07
"596",328500,257500,334500,275500,"7647_7750",5.01750738616622e-14,7.62102400642121e-07
"597",334500,274500,339500,289500,"7511_7663",5.01003099851771e-14,7.60966822249e-07
"598",312500,139500,339500,156500,"8240_8684",4.87120206745358e-14,7.39880283954256e-07
"599",311500,141500,340500,155500,"8260_8621",4.87019210577217e-14,7.39726882242464e-07
"600",326500,256500,321500,285500,"7539_7758",4.86479305201518e-14,7.38906827280365e-07
"601",325500,256500,321500,285500,"7539_7757",4.86426969316928e-14,7.38827335014155e-07
"602",317500,139500,338500,155500,"8258_8689",4.8435584877454e-14,7.35681538075768e-07
"603",326500,240500,325500,255500,"7762_7819",4.82760526367673e-14,7.33258424480712e-07
"604",313500,137500,338500,155500,"8258_8723",4.80866875766671e-14,7.30382184232456e-07
"605",399500,275500,401500,289500,"7515_7654",4.78258166850498e-14,7.26419851594794e-07
"606",339500,155500,355500,198500,"7926_8259",4.77100547880888e-14,7.24661559821869e-07
"607",568500,329500,522500,362500,"6899_7122",4.75821967930207e-14,7.22719542053218e-07
"608",399500,225500,380500,274500,"7665_7861",4.68287980168395e-14,7.112762700901e-07
"609",315500,135500,340500,155500,"8260_8770",4.67359252723744e-14,7.09865638554086e-07
"610",311500,141500,339500,155500,"8259_8621",4.66423248241425e-14,7.08443954024127e-07
"611",318500,134500,339500,155500,"8259_8793",4.64414364905319e-14,7.05392688335356e-07
"612",311500,142500,338500,155500,"8258_8585",4.60784374970631e-14,6.99879145791982e-07
"613",398500,319500,392500,339500,"7094_7190",4.60410654256114e-14,6.9931150646077e-07
"614",356500,198500,329500,232500,"7838_7927",4.58852537532866e-14,6.9694490407461e-07
"615",472500,263500,487500,299500,"7369_7722",4.56254922885015e-14,6.92999422370828e-07
"616",316500,134500,338500,156500,"8239_8791",4.56109804796952e-14,6.92779004472503e-07
"617",401500,289500,389500,293500,"7470_7515",4.55557200902341e-14,6.9193966190203e-07
"618",567500,334500,522500,363500,"6880_7107",4.55303759476058e-14,6.91554713152528e-07
"619",398500,316500,392500,339500,"7094_7229",4.55039020048589e-14,6.91152604022055e-07
"620",356500,199500,328500,239500,"7820_7922",4.55012262403112e-14,6.91111962196774e-07
"621",350500,156500,363500,173500,"7982_8247",4.52365081645116e-14,6.87091195199669e-07
"622",347500,157500,363500,172500,"7989_8221",4.51583984550238e-14,6.85904797402265e-07
"623",328500,239500,325500,255500,"7762_7820",4.49685815574404e-14,6.83021694255679e-07
"624",355500,199500,325500,234500,"7830_7921",4.46678604274003e-14,6.78454081744351e-07
"625",340500,155500,356500,199500,"7922_8260",4.45774778322752e-14,6.77081272749369e-07
"626",471500,264500,452500,311500,"7293_7719",4.41224454163516e-14,6.70169847018309e-07
"627",363500,213500,327500,230500,"7841_7880",4.38581728692819e-14,6.66155847096736e-07
"628",345500,159500,355500,198500,"7926_8170",4.35451044288419e-14,6.61400692960194e-07
"629",567500,329500,521500,362500,"6898_7121",4.3433514985685e-14,6.59705776022938e-07
"630",316500,135500,346500,139500,"8691_8771",4.34151006409128e-14,6.59426083034426e-07
"631",316500,134500,341500,155500,"8261_8791",4.29920016068162e-14,6.52999689114541e-07
"632",325500,255500,318500,283500,"7554_7762",4.27598179451736e-14,6.49473082927263e-07
"633",313500,142500,339500,156500,"8240_8587",4.25860355186598e-14,6.46833525189875e-07
"634",355500,198500,328500,239500,"7820_7926",4.24597898068884e-14,6.44915996173833e-07
"635",401500,289500,384500,289500,"7513_7515",4.23995364468592e-14,6.44000816049701e-07
"636",362500,173500,363500,213500,"7880_7981",4.23945907362885e-14,6.43925696321743e-07
"637",316500,136500,338500,155500,"8258_8748",4.2008222620822e-14,6.38057203349706e-07
"638",314500,137500,341500,155500,"8261_8724",4.19291297859283e-14,6.36855872993676e-07
"639",317500,135500,346500,139500,"8691_8772",4.18664647997854e-14,6.35904063007159e-07
"640",315500,135500,339500,155500,"8259_8770",4.16375721118338e-14,6.32427442973509e-07
"641",317500,135500,339500,156500,"8240_8772",4.16326200494179e-14,6.32352226768234e-07
"642",315500,137500,339500,156500,"8240_8725",4.14012599487179e-14,6.28838129536561e-07
"643",341500,155500,356500,198500,"7927_8261",4.09843521466662e-14,6.22505773401599e-07
"644",316500,139500,343500,155500,"8263_8688",4.07570854624145e-14,6.19053850517903e-07
"645",389500,293500,401500,304500,"7339_7470",4.06394534471875e-14,6.17267153771945e-07
"646",492500,229500,471500,263500,"7721_7850",4.05877573561328e-14,6.1648194884718e-07
"647",317500,134500,339500,156500,"8240_8792",4.05133045950782e-14,6.15351095944192e-07
"648",318500,134500,341500,155500,"8261_8793",4.04276251212788e-14,6.14049722021986e-07
"649",316500,140500,336500,156500,"8238_8658",4.01866674753896e-14,6.10389848976428e-07
"650",350500,156500,356500,199500,"7922_8247",4.01125774118509e-14,6.0926450503688e-07
"651",339500,156500,355500,198500,"7926_8240",3.9982408437207e-14,6.07287386112476e-07
"652",313500,142500,343500,155500,"8263_8587",3.988199332905e-14,6.05762194635964e-07
"653",318500,134500,338500,156500,"8239_8793",3.98669167810915e-14,6.05533198991149e-07
"654",311500,139500,338500,156500,"8239_8683",3.97729692538648e-14,6.0410624272535e-07
"655",400500,289500,389500,293500,"7470_7514",3.95036033043255e-14,6.0001487980357e-07
"656",311500,139500,340500,155500,"8260_8683",3.93530478616635e-14,5.97728113577799e-07
"657",325500,237500,326500,256500,"7758_7823",3.92498628228609e-14,5.96160849999898e-07
"658",472500,263500,487500,298500,"7382_7722",3.92190739806073e-14,5.95693202445275e-07
"659",345500,158500,355500,199500,"7921_8197",3.87913635481963e-14,5.89196766621009e-07
"660",471500,263500,472500,306500,"7331_7721",3.87850859572566e-14,5.89101417142529e-07
"661",315500,135500,338500,156500,"8239_8770",3.85797416474746e-14,5.85982470235255e-07
"662",328500,239500,326500,256500,"7758_7820",3.82285106422682e-14,5.80647670071618e-07
"663",326500,240500,326500,256500,"7758_7819",3.80573233917821e-14,5.78047530111396e-07
"664",354500,150500,363500,173500,"7982_8360",3.80095878706237e-14,5.77322481746325e-07
"665",400500,289500,384500,289500,"7513_7514",3.79903026735307e-14,5.7702956149987e-07
"666",326500,256500,323500,286500,"7531_7758",3.77740463115053e-14,5.73744872909115e-07
"667",399500,225500,381500,274500,"7666_7861",3.75930636705322e-14,5.70995952089577e-07
"668",311500,139500,339500,155500,"8259_8683",3.71260984423298e-14,5.6390328048912e-07
"669",491500,228500,471500,264500,"7719_7853",3.70249444802947e-14,5.62366866661132e-07
"670",472500,264500,495500,308500,"7317_7720",3.68265805627734e-14,5.59353943986407e-07
"671",334500,274500,339500,288500,"7520_7663",3.6811944198082e-14,5.59131634225614e-07
"672",325500,237500,325500,256500,"7757_7823",3.64200431100825e-14,5.53179101683218e-07
"673",325500,256500,323500,286500,"7531_7757",3.62403311267058e-14,5.50449480709801e-07
"674",313500,141500,347500,157500,"8221_8623",3.60918388436115e-14,5.48194051535247e-07
"675",400500,317500,392500,339500,"7094_7213",3.57364736936172e-14,5.42796458406399e-07
"676",312500,138500,340500,155500,"8260_8704",3.551864875799e-14,5.3948794496367e-07
"677",397500,317500,392500,339500,"7094_7210",3.51658219296669e-14,5.34128906058867e-07
"678",334500,275500,338500,288500,"7519_7647",3.5140571896512e-14,5.3374538672541e-07
"679",471500,263500,452500,309500,"7308_7721",3.49543603965239e-14,5.30917045474545e-07
"680",316500,139500,339500,156500,"8240_8688",3.47638771606502e-14,5.28023821405923e-07
"681",350500,297500,354500,313500,"7274_7394",3.4714063579096e-14,5.27267209662975e-07
"682",491500,230500,471500,263500,"7721_7844",3.45650169846912e-14,5.25003361129007e-07
"683",399500,318500,392500,339500,"7094_7197",3.43327921063634e-14,5.2147612890708e-07
"684",346500,158500,363500,173500,"7982_8198",3.42771133061689e-14,5.20630431152651e-07
"685",312500,138500,338500,156500,"8239_8704",3.42278299418995e-14,5.19881872808223e-07
"686",472500,263500,495500,301500,"7351_7722",3.42170110753558e-14,5.19717546509713e-07
"687",326500,240500,325500,256500,"7757_7819",3.41386856787036e-14,5.18527872669182e-07
"688",472500,263500,495500,302500,"7344_7722",3.41019557743689e-14,5.1796998712733e-07
"689",315500,135500,341500,155500,"8261_8770",3.3872961789528e-14,5.14491828508949e-07
"690",350500,154500,363500,173500,"7982_8284",3.33207758589049e-14,5.06104751202617e-07
"691",334500,275500,340500,291500,"7493_7647",3.32101517975788e-14,5.04424497319228e-07
"692",311500,141500,336500,156500,"8238_8621",3.32033867413585e-14,5.04321743796629e-07
"693",325500,256500,320500,284500,"7546_7757",3.30922454941841e-14,5.02633634447442e-07
"694",312500,138500,339500,155500,"8259_8704",3.3089651191374e-14,5.0259422993346e-07
"695",315500,136500,346500,139500,"8691_8747",3.29649926371767e-14,5.0070080803883e-07
"696",311500,141500,341500,155500,"8261_8621",3.29582270828473e-14,5.00598046950519e-07
"697",397500,320500,393500,344500,"7057_7178",3.27313846781122e-14,4.97152568390931e-07
"698",311500,140500,339500,156500,"8240_8653",3.24220554861528e-14,4.92454209193077e-07
"699",326500,256500,320500,284500,"7546_7758",3.2337559252782e-14,4.91170807349471e-07
"700",327500,259500,320500,285500,"7538_7736",3.22709708754403e-14,4.90159405505462e-07
"701",327500,234500,326500,255500,"7763_7832",3.21178971603447e-14,4.87834389580799e-07
"702",328500,239500,325500,256500,"7757_7820",3.20640179984159e-14,4.87016026288225e-07
"703",311500,140500,343500,155500,"8263_8653",3.17097265249046e-14,4.81634741086047e-07
"704",566500,328500,522500,363500,"6880_7127",3.1604038741892e-14,4.8002946366534e-07
"705",471500,264500,472500,306500,"7331_7719",3.10369371973755e-14,4.71415835119909e-07
"706",338500,155500,356500,199500,"7922_8258",3.06731843048442e-14,4.65890841705791e-07
"707",472500,264500,446500,315500,"7254_7720",3.05629737977864e-14,4.64216869242165e-07
"708",314500,137500,336500,156500,"8238_8724",3.02067740224124e-14,4.58806599101475e-07
"709",349500,297500,354500,313500,"7274_7393",3.02024680475475e-14,4.58741196232499e-07
"710",314500,140500,347500,157500,"8221_8656",3.01783149367653e-14,4.58374337904381e-07
"711",314500,138500,346500,139500,"8691_8706",3.01026621378043e-14,4.57225257788177e-07
"712",356500,198500,325500,237500,"7823_7927",3.00739795078873e-14,4.56789601207446e-07
"713",315500,139500,347500,157500,"8221_8687",2.98004838913193e-14,4.52635513332534e-07
"714",362500,325500,374500,334500,"7106_7146",2.95324098014608e-14,4.48563772292464e-07
"715",314500,136500,338500,155500,"8258_8746",2.95163226203124e-14,4.48319426277018e-07
"716",566500,333500,522500,362500,"6899_7109",2.93644331070711e-14,4.46012397033918e-07
"717",354500,151500,356500,199500,"7922_8346",2.92243664772614e-14,4.43884943965845e-07
"718",340500,155500,356500,198500,"7927_8260",2.91597677729091e-14,4.4290376299537e-07
"719",507500,238500,472500,264500,"7720_7822",2.90915937460262e-14,4.41868276935256e-07
"720",472500,263500,496500,302500,"7345_7722",2.90888645556259e-14,4.41826823631936e-07
"721",315500,138500,346500,139500,"8691_8707",2.88815386450225e-14,4.38677778458196e-07
"722",502500,237500,471500,264500,"7719_7824",2.88271928832795e-14,4.37852328044246e-07
"723",334500,275500,341500,291500,"7494_7647",2.8689446988037e-14,4.35760124299168e-07
"724",389500,293500,409500,296500,"7419_7470",2.84483365874886e-14,4.32097931083781e-07
"725",345500,158500,355500,198500,"7926_8197",2.81370246455113e-14,4.27369456164471e-07
"726",326500,235500,326500,255500,"7763_7828",2.81065538390668e-14,4.26906639212673e-07
"727",346500,139500,315500,139500,"8687_8691",2.7967451451081e-14,4.24793831883055e-07
"728",567500,334500,521500,364500,"6860_7107",2.79250260695187e-14,4.24149438509048e-07
"729",472500,264500,450500,314500,"7267_7720",2.7841102364156e-14,4.22874732715808e-07
"730",329500,257500,334500,275500,"7647_7751",2.78048812695526e-14,4.22324575416045e-07
"731",355500,199500,326500,240500,"7819_7921",2.76763647805631e-14,4.20372555872416e-07
"732",389500,293500,398500,300500,"7359_7470",2.74835703626371e-14,4.17444227572653e-07
"733",350500,156500,356500,198500,"7927_8247",2.70486980810591e-14,4.10839011391466e-07
"734",311500,139500,341500,155500,"8261_8683",2.70164743769576e-14,4.10349569914588e-07
"735",353500,313500,362500,325500,"7146_7273",2.70144653143444e-14,4.10319054534685e-07
"736",389500,293500,408500,296500,"7418_7470",2.70013285614866e-14,4.10119522174907e-07
"737",383500,288500,401500,289500,"7515_7521",2.69244345552209e-14,4.08951589529076e-07
"738",313500,140500,347500,157500,"8221_8655",2.68618828221552e-14,4.08001499728209e-07
"739",355500,198500,326500,233500,"7834_7926",2.67396920897837e-14,4.06145561245024e-07
"740",471500,264500,452500,309500,"7308_7719",2.67335299753044e-14,4.0605196572286e-07
"741",383500,289500,401500,304500,"7339_7512",2.67099004962407e-14,4.05693060765987e-07
"742",326500,234500,325500,255500,"7762_7831",2.64398970632418e-14,4.01592015194287e-07
"743",356500,198500,325500,235500,"7827_7927",2.64098407438291e-14,4.01135493829873e-07
"744",328500,259500,320500,285500,"7538_7737",2.64011902563281e-14,4.01004102746935e-07
"745",316500,140500,343500,155500,"8263_8658",2.61831717674178e-14,3.97692649449606e-07
"746",356500,199500,326500,233500,"7834_7922",2.61519524678194e-14,3.97218463736679e-07
"747",314500,138500,347500,157500,"8221_8706",2.6136100991161e-14,3.96977697804805e-07
"748",345500,155500,355500,199500,"7921_8264",2.61072166737199e-14,3.9653897781959e-07
"749",399500,224500,380500,274500,"7665_7864",2.59367038809634e-14,3.93949082106467e-07
"750",397500,321500,392500,339500,"7094_7169",2.57196577860329e-14,3.90652398369587e-07
"751",399500,275500,400500,289500,"7514_7654",2.52863712102453e-14,3.84071267258865e-07
"752",317500,138500,338500,155500,"8258_8709",2.52586269741081e-14,3.8364986381415e-07
"753",334500,275500,340500,290500,"7502_7647",2.50574372353852e-14,3.80594020123954e-07
"754",338500,156500,356500,199500,"7922_8239",2.48493209767213e-14,3.77432970460575e-07
"755",312500,138500,341500,155500,"8261_8704",2.46757976845915e-14,3.74797348680246e-07
"756",399500,225500,399500,275500,"7654_7861",2.46669953860158e-14,3.74663651759456e-07
"757",316500,134500,343500,155500,"8263_8791",2.46144359154808e-14,3.7386533308071e-07
"758",311500,139500,336500,156500,"8238_8683",2.44316370819797e-14,3.7108882635887e-07
"759",383500,289500,409500,296500,"7419_7512",2.43615708118006e-14,3.70024599271635e-07
"760",398500,318500,393500,344500,"7057_7196",2.43235527644997e-14,3.69447148300749e-07
"761",472500,264500,447500,314500,"7266_7720",2.41975864197558e-14,3.67533862552648e-07
"762",318500,134500,346500,139500,"8691_8793",2.41672146707957e-14,3.67072550171564e-07
"763",346500,156500,362500,173500,"7981_8243",2.41427427574849e-14,3.6670084959502e-07
"764",383500,288500,400500,289500,"7514_7521",2.41013769663505e-14,3.660725501965e-07
"765",343500,155500,363500,173500,"7982_8263",2.40002188549342e-14,3.64536073344122e-07
"766",350500,154500,356500,199500,"7922_8284",2.38956770987261e-14,3.62948202769318e-07
"767",318500,134500,343500,155500,"8263_8793",2.3847989839064e-14,3.62223887441579e-07
"768",316500,134500,336500,156500,"8238_8791",2.35804324097143e-14,3.58159993887993e-07
"769",316500,140500,339500,156500,"8240_8658",2.34784474117012e-14,3.566109575671e-07
"770",363500,213500,326500,233500,"7834_7880",2.33849961822937e-14,3.55191539501651e-07
"771",567500,328500,522500,363500,"6880_7128",2.33025049105628e-14,3.53938590748821e-07
"772",354500,150500,355500,199500,"7921_8360",2.32434532751567e-14,3.53041663457216e-07
"773",346500,156500,356500,199500,"7922_8243",2.31957617077485e-14,3.52317282699704e-07
"774",313500,141500,343500,154500,"8283_8623",2.31457932638044e-14,3.5155831877289e-07
"775",315500,138500,347500,157500,"8221_8707",2.31449756491916e-14,3.51545900135283e-07
"776",362500,326500,374500,333500,"7108_7139",2.31146601247609e-14,3.51085441740961e-07
"777",568500,331500,522500,362500,"6899_7113",2.29801050962127e-14,3.49041703637898e-07
"778",334500,274500,338500,288500,"7519_7663",2.29544167709676e-14,3.48651527145249e-07
"779",383500,289500,408500,296500,"7418_7512",2.27976184524449e-14,3.46269938723629e-07
"780",363500,173500,363500,213500,"7880_7982",2.26610663461904e-14,3.44195867277792e-07
"781",356500,198500,327500,231500,"7840_7927",2.25928269424169e-14,3.43159388216943e-07
"782",311500,116500,315500,128500,"8982_9149",2.23826196010533e-14,3.39966577381677e-07
"783",314500,137500,343500,155500,"8263_8724",2.22840650901459e-14,3.3846964626477e-07
"784",325500,257500,334500,274500,"7663_7748",2.22686157870051e-14,3.3823498889198e-07
"785",472500,263500,472500,305500,"7338_7722",2.21389692127536e-14,3.36265804636378e-07
"786",334500,274500,340500,291500,"7493_7663",2.19372437173373e-14,3.33201823410334e-07
"787",354500,313500,361500,325500,"7145_7274",2.18410702703599e-14,3.31741057950943e-07
"788",325500,256500,318500,282500,"7561_7757",2.17479513409029e-14,3.30326687144434e-07
"789",315500,140500,347500,157500,"8221_8657",2.16939539600912e-14,3.2950652824126e-07
"790",343500,154500,355500,199500,"7921_8283",2.15040489512172e-14,3.26622086784216e-07
"791",325500,255500,321500,285500,"7539_7762",2.13511961423515e-14,3.24300426174357e-07
"792",397500,319500,393500,344500,"7057_7189",2.13465536065833e-14,3.24229911327408e-07
"793",389500,293500,408500,297500,"7397_7470",2.13119255997989e-14,3.23703951222744e-07
"794",389500,293500,398500,301500,"7350_7470",2.12397536526992e-14,3.22607741293978e-07
"795",334500,275500,339500,290500,"7501_7647",2.12039656120392e-14,3.22064161591904e-07
"796",564500,327500,522500,362500,"6899_7130",2.10098756699156e-14,3.19116155750582e-07
"797",399500,224500,381500,274500,"7666_7864",2.0745515161008e-14,3.15100819788567e-07
"798",347500,165500,363500,172500,"7989_8040",2.07448693787033e-14,3.15091011088613e-07
"799",315500,135500,336500,156500,"8238_8770",2.0732211376851e-14,3.14898750413013e-07
"800",326500,234500,326500,256500,"7758_7831",2.07271309502535e-14,3.1482158450157e-07
"801",351500,154500,362500,173500,"7981_8285",2.05165681943076e-14,3.11623375322354e-07
"802",339500,155500,356500,199500,"7922_8259",2.04816016323217e-14,3.11092272948591e-07
"803",314500,139500,347500,157500,"8221_8686",2.04303451901566e-14,3.10313745791261e-07
"804",351500,155500,362500,173500,"7981_8266",2.04090956207854e-14,3.09990988960348e-07
"805",312500,138500,336500,156500,"8238_8704",2.04051564744658e-14,3.0993115780046e-07
"806",472500,264500,449500,317500,"7219_7720",2.0363061190023e-14,3.09291778226888e-07
"807",341500,155500,362500,173500,"7981_8261",2.03334382375527e-14,3.08841839214262e-07
"808",346500,156500,362500,172500,"7988_8243",2.0277062964716e-14,3.07985562831208e-07
"809",326500,256500,318500,282500,"7561_7758",2.02226407875864e-14,3.07158951754303e-07
"810",350500,155500,363500,172500,"7989_8265",2.00538119240526e-14,3.04594633014055e-07
"811",312500,141500,347500,157500,"8221_8622",2.00406356820036e-14,3.04394500858301e-07
"812",567500,331500,522500,362500,"6899_7112",2.00173058710713e-14,3.04040147520087e-07
"813",328500,258500,320500,285500,"7538_7742",1.99486160871302e-14,3.02996827695877e-07
"814",315500,139500,343500,154500,"8283_8687",1.99067103365784e-14,3.02360326926904e-07
"815",384500,288500,409500,296500,"7419_7522",1.99056317202316e-14,3.02343943969312e-07
"816",338500,155500,356500,198500,"7927_8258",1.98939138455144e-14,3.02165962757425e-07
"817",354500,151500,356500,198500,"7927_8346",1.98104098725432e-14,3.00897632222626e-07
"818",346500,139500,314500,140500,"8656_8691",1.97908130354146e-14,3.00599978517883e-07
"819",314500,140500,343500,154500,"8283_8656",1.97899224190646e-14,3.00586451066777e-07
"820",389500,293500,409500,297500,"7398_7470",1.97430896631633e-14,2.99875114680917e-07
"821",318500,134500,336500,156500,"8238_8793",1.97356150087446e-14,2.99761583167397e-07
"822",316500,134500,346500,139500,"8691_8791",1.95377354488694e-14,2.96756017335353e-07
"823",342500,155500,355500,199500,"7921_8262",1.94987295471927e-14,2.96163561978158e-07
"824",345500,159500,356500,199500,"7922_8170",1.9437458879628e-14,2.95232930107664e-07
"825",334500,274500,341500,291500,"7494_7663",1.91665481458263e-14,2.91118103666966e-07
"826",566500,328500,521500,364500,"6860_7127",1.91314502227902e-14,2.90585006068004e-07
"827",356500,199500,329500,238500,"7821_7922",1.91097325266987e-14,2.90255138923745e-07
"828",567500,330500,522500,362500,"6899_7116",1.90479203614188e-14,2.89316282317801e-07
"829",361500,326500,374500,333500,"7108_7138",1.9018102274673e-14,2.88863379437096e-07
"830",345500,155500,355500,198500,"7926_8264",1.89783485078912e-14,2.88259564858119e-07
"831",315500,135500,343500,155500,"8263_8770",1.88174799869582e-14,2.85816154683401e-07
"832",351500,154500,362500,172500,"7988_8285",1.87288864315198e-14,2.84470519169896e-07
"833",326500,234500,325500,256500,"7757_7831",1.86861679660568e-14,2.83821674184218e-07
"834",313500,141500,342500,155500,"8262_8623",1.86671357590467e-14,2.83532596569866e-07
"835",318500,135500,338500,155500,"8258_8773",1.86610128864455e-14,2.83439597087273e-07
"836",368500,311500,361500,326500,"7138_7287",1.86593522883765e-14,2.83414374488131e-07
"837",567500,334500,522500,361500,"6918_7107",1.86580075319308e-14,2.83393949164625e-07
"838",344500,224500,329500,228500,"7851_7863",1.86040038950335e-14,2.82573695238617e-07
"839",351500,155500,362500,172500,"7988_8266",1.84898417038545e-14,2.80839701180134e-07
"840",492500,232500,471500,263500,"7721_7839",1.84794712345304e-14,2.80682185526256e-07
"841",384500,288500,408500,296500,"7418_7522",1.84779442236301e-14,2.80658991964526e-07
"842",314500,137500,339500,156500,"8240_8724",1.84286893602603e-14,2.799108665164e-07
"843",326500,256500,348500,272500,"7681_7758",1.83168477002421e-14,2.78212118691403e-07
"844",397500,320500,392500,344500,"7056_7178",1.82029917709741e-14,2.76482776403602e-07
"845",568500,329500,521500,362500,"6898_7122",1.81626329831367e-14,2.7586977224176e-07
"846",383500,283500,401500,289500,"7515_7558",1.81207500844237e-14,2.75233618566271e-07
"847",363500,213500,326500,240500,"7819_7880",1.80905252899635e-14,2.7477453825718e-07
"848",316500,138500,346500,139500,"8691_8708",1.80596032204415e-14,2.74304867131623e-07
"849",327500,259500,318500,283500,"7554_7736",1.80107061397823e-14,2.73562175996629e-07
"850",567500,329500,522500,363500,"6880_7121",1.79468354892016e-14,2.72592053336274e-07
"851",313500,141500,348500,157500,"8222_8623",1.78798003592039e-14,2.71573865826687e-07
"852",346500,139500,314500,139500,"8686_8691",1.78120460952654e-14,2.70544755489079e-07
"853",317500,139500,340500,155500,"8260_8689",1.7795229585082e-14,2.7028933179371e-07
"854",355500,198500,329500,238500,"7821_7926",1.77512876031795e-14,2.69621902982558e-07
"855",326500,256500,322500,287500,"7523_7758",1.76520997670762e-14,2.68115352375036e-07
"856",400500,318500,392500,339500,"7094_7198",1.76161024113792e-14,2.67568593415217e-07
"857",383500,289500,398500,300500,"7359_7512",1.75669641834603e-14,2.66822239527158e-07
"858",314500,138500,343500,154500,"8283_8706",1.75362644747024e-14,2.66355945809127e-07
"859",356500,198500,327500,230500,"7841_7927",1.75206310231615e-14,2.66118491431232e-07
"860",313500,141500,341500,154500,"8281_8623",1.75116879930381e-14,2.65982656958027e-07
"861",313500,140500,343500,154500,"8283_8655",1.74945774677428e-14,2.65722767506947e-07
"862",344500,296500,354500,313500,"7274_7413",1.74804531112787e-14,2.65508234569765e-07
"863",389500,293500,402500,304500,"7340_7470",1.74644864324053e-14,2.65265718847054e-07
"864",313500,137500,340500,155500,"8260_8723",1.73884216197474e-14,2.64110380710615e-07
"865",344500,224500,326500,235500,"7828_7863",1.73629653351221e-14,2.6372372865151e-07
"866",325500,256500,322500,287500,"7523_7757",1.72281989422814e-14,2.61676780164838e-07
"867",311500,141500,339500,156500,"8240_8621",1.71984496896208e-14,2.6122492279573e-07
"868",368500,311500,362500,326500,"7139_7287",1.71597906136462e-14,2.60637735327146e-07
"869",354500,150500,355500,198500,"7926_8360",1.71490101529601e-14,2.60473992370004e-07
"870",326500,255500,320500,285500,"7538_7763",1.71296678858149e-14,2.60180205294257e-07
"871",339500,156500,356500,199500,"7922_8240",1.71190498438425e-14,2.60018929292958e-07
"872",329500,259500,320500,285500,"7538_7738",1.69161692384957e-14,2.56937403258641e-07
"873",383500,289500,408500,297500,"7397_7512",1.69043116400111e-14,2.56757299801377e-07
"874",313500,138500,346500,139500,"8691_8705",1.68420185859422e-14,2.55811139040755e-07
"875",346500,139500,313500,141500,"8623_8691",1.673063436923e-14,2.54119339260169e-07
"876",313500,139500,347500,157500,"8221_8685",1.67079019955577e-14,2.53774060315573e-07
"877",312500,140500,347500,157500,"8221_8654",1.6682430774013e-14,2.53387181381622e-07
"878",311500,142500,338500,156500,"8239_8585",1.66633957418613e-14,2.53098060856577e-07
"879",347500,158500,363500,172500,"7989_8199",1.66628792777048e-14,2.53090216352459e-07
"880",334500,274500,340500,290500,"7502_7663",1.6622501498671e-14,2.52476923735908e-07
"881",397500,318500,393500,344500,"7057_7195",1.65895576116003e-14,2.51976543497459e-07
"882",346500,139500,313500,140500,"8655_8691",1.65335970942737e-14,2.5112656677967e-07
"883",316500,134500,339500,156500,"8240_8791",1.65306856072461e-14,2.51082344597571e-07
"884",341500,155500,362500,172500,"7988_8261",1.6314743696062e-14,2.47802432158051e-07
"885",315500,137500,346500,139500,"8691_8725",1.63088886348682e-14,2.4771350042665e-07
"886",317500,139500,339500,155500,"8259_8689",1.62341817527846e-14,2.46578787713772e-07
"887",567500,334500,520500,364500,"6859_7107",1.61827151342907e-14,2.45797068216652e-07
"888",316500,136500,340500,155500,"8260_8748",1.61349165644275e-14,2.45071062213344e-07
"889",311500,141500,343500,155500,"8263_8621",1.61270967553163e-14,2.44952288191951e-07
"890",350500,154500,356500,198500,"7927_8284",1.61213960024823e-14,2.44865700229326e-07
"891",338500,156500,356500,198500,"7927_8239",1.60863850200221e-14,2.44333923158995e-07
"892",472500,264500,448500,312500,"7283_7720",1.60380958111194e-14,2.43600464905774e-07
"893",313500,137500,339500,155500,"8259_8723",1.5978010041917e-14,2.4268783029601e-07
"894",313500,137500,338500,156500,"8239_8723",1.59432290958825e-14,2.42159547217792e-07
"895",472500,264500,452500,314500,"7269_7720",1.59299259702716e-14,2.41957487844804e-07
"896",344500,224500,328500,233500,"7836_7863",1.59037356781619e-14,2.41559687045439e-07
"897",383500,289500,409500,297500,"7398_7512",1.58962169696625e-14,2.41445486400456e-07
"898",334500,275500,341500,292500,"7479_7647",1.5893590388273e-14,2.41405591611502e-07
"899",317500,139500,338500,156500,"8239_8689",1.58434631410497e-14,2.40644215643193e-07
"900",325500,255500,323500,286500,"7531_7762",1.58426251667475e-14,2.4063148776502e-07
"901",313500,138500,347500,157500,"8221_8705",1.5782152835063e-14,2.39712981710077e-07
"902",383500,283500,400500,289500,"7514_7558",1.57278831537425e-14,2.38888686871359e-07
"903",397500,320500,401500,340500,"7090_7178",1.57143438594771e-14,2.38683040364667e-07
"904",315500,138500,343500,154500,"8283_8707",1.5608852101623e-14,2.37080740343541e-07
"905",374500,333500,385500,340500,"7087_7108",1.55513378190715e-14,2.36207163696209e-07
"906",343500,154500,355500,198500,"7926_8283",1.55489520311285e-14,2.36170926286299e-07
"907",350500,297500,353500,313500,"7273_7394",1.55009059723259e-14,2.35441161207013e-07
"908",346500,156500,356500,198500,"7927_8243",1.54878548831833e-14,2.35242929981803e-07
"909",314500,140500,342500,155500,"8262_8656",1.54492638675618e-14,2.34656776272703e-07
"910",384500,288500,401500,304500,"7339_7522",1.54111081383934e-14,2.3407723407058e-07
"911",383500,282500,401500,289500,"7515_7563",1.53361958408959e-14,2.32939401330804e-07
"912",334500,275500,342500,291500,"7495_7647",1.53344344864413e-14,2.3291264835657e-07
"913",326500,257500,320500,285500,"7538_7749",1.53010308568512e-14,2.32405285151266e-07
"914",315500,136500,347500,157500,"8221_8747",1.52771057099402e-14,2.3204188933551e-07
"915",346500,139500,315500,140500,"8657_8691",1.52083256507286e-14,2.30997198332443e-07
"916",493500,234500,454500,254500,"7768_7833",1.51293873139465e-14,2.29798214627304e-07
"917",314500,140500,348500,157500,"8222_8656",1.50866684010356e-14,2.29149362845401e-07
"918",311500,142500,340500,155500,"8260_8585",1.50789907880067e-14,2.29032748621043e-07
"919",315500,139500,348500,157500,"8222_8687",1.50471593998717e-14,2.2854926597824e-07
"920",313500,141500,340500,156500,"8241_8623",1.50329059532247e-14,2.28332772307756e-07
"921",315500,139500,342500,155500,"8262_8687",1.50220617661749e-14,2.28168061419508e-07
"922",397500,320500,385500,340500,"7087_7178",1.48724045019793e-14,2.25894937504804e-07
"923",399500,277500,401500,289500,"7515_7628",1.47675471022967e-14,2.24302272664021e-07
"924",318500,134500,339500,156500,"8240_8793",1.47345864229532e-14,2.23801637370015e-07
"925",399500,317500,392500,339500,"7094_7212",1.47056934898003e-14,2.2336278652192e-07
"926",325500,237500,326500,255500,"7763_7823",1.46803712746376e-14,2.22978170825722e-07
"927",314500,140500,341500,154500,"8281_8656",1.46572747249853e-14,2.22627360461494e-07
"928",325500,255500,320500,284500,"7546_7762",1.4576649552153e-14,2.21402755632071e-07
"929",311500,142500,339500,155500,"8259_8585",1.454588116463e-14,2.2093541876158e-07
"930",348500,157500,366500,174500,"7978_8222",1.45136297903754e-14,2.20445557006493e-07
"931",356500,198500,327500,232500,"7837_7927",1.44819444610941e-14,2.19964292831837e-07
"932",472500,264500,453500,312500,"7285_7720",1.44083325460922e-14,2.18846211425649e-07
"933",316500,136500,339500,155500,"8259_8748",1.43998794489363e-14,2.18717818477925e-07
"934",315500,139500,341500,154500,"8281_8687",1.43960534585161e-14,2.18659706027665e-07
"935",315500,140500,343500,154500,"8283_8657",1.43223233511132e-14,2.17539829413108e-07
"936",566500,328500,522500,361500,"6918_7127",1.42820843774564e-14,2.16928645092627e-07
"937",389500,293500,402500,309500,"7306_7470",1.42656655751318e-14,2.16679262128055e-07
"938",328500,239500,326500,255500,"7763_7820",1.42495448832852e-14,2.16434407123154e-07
"939",326500,240500,326500,255500,"7763_7819",1.42465525059001e-14,2.1638895630837e-07
"940",398500,318500,401500,340500,"7090_7196",1.42450249923376e-14,2.16365755111773e-07
"941",567500,328500,521500,364500,"6860_7128",1.41209979492541e-14,2.14481925153912e-07
"942",326500,256500,322500,288500,"7518_7758",1.41044782379662e-14,2.14231009496765e-07
"943",348500,156500,363500,172500,"7989_8245",1.40819527558976e-14,2.13888873000714e-07
"944",334500,275500,320500,285500,"7538_7647",1.40514955313116e-14,2.13426262341926e-07
"945",342500,155500,355500,198500,"7926_8262",1.40378658264674e-14,2.13219242601199e-07
"946",334500,275500,333500,293500,"7462_7647",1.40033146444765e-14,2.12694449377915e-07
"947",316500,135500,347500,157500,"8221_8771",1.39946669206928e-14,2.12563100272704e-07
"948",328500,259500,318500,283500,"7554_7737",1.39677818346688e-14,2.12154746342687e-07
"949",349500,297500,353500,313500,"7273_7393",1.39464422223695e-14,2.11830621861935e-07
"950",334500,274500,339500,290500,"7501_7663",1.39086125103578e-14,2.11256031490246e-07
"951",383500,289500,398500,301500,"7350_7512",1.38301939212634e-14,2.10064942162334e-07
"952",313500,140500,342500,155500,"8262_8655",1.38068999350889e-14,2.09711132961514e-07
"953",325500,256500,322500,288500,"7518_7757",1.3737760926175e-14,2.08660989920039e-07
"954",315500,135500,339500,156500,"8240_8770",1.37325193224498e-14,2.08581375911036e-07
"955",351500,155500,355500,199500,"7921_8266",1.36200163552197e-14,2.06872583580369e-07
"956",346500,139500,313500,139500,"8685_8691",1.35808733380711e-14,2.06278045594843e-07
"957",311500,139500,343500,155500,"8263_8683",1.35784409041205e-14,2.06241099685042e-07
"958",314500,139500,343500,154500,"8283_8686",1.35664419548221e-14,2.06058849269413e-07
"959",313500,140500,348500,157500,"8222_8655",1.33872079983708e-14,2.03336488982217e-07
"960",316500,136500,338500,156500,"8239_8748",1.33781580286175e-14,2.03199030217458e-07
"961",398500,318500,392500,344500,"7056_7196",1.3347913016379e-14,2.02739642823272e-07
"962",339500,155500,356500,198500,"7927_8259",1.33417176820578e-14,2.02645542729429e-07
"963",384500,288500,408500,297500,"7397_7522",1.3331679826211e-14,2.02493079096604e-07
"964",311500,139500,339500,156500,"8240_8683",1.33096644838919e-14,2.0215869104411e-07
"965",316500,138500,347500,157500,"8221_8708",1.33034283611666e-14,2.02063971420723e-07
"966",400500,320500,392500,339500,"7094_7181",1.32355941230805e-14,2.0103364636662e-07
"967",314500,138500,348500,157500,"8222_8706",1.32354165894937e-14,2.01030949833016e-07
"968",383500,282500,400500,289500,"7514_7563",1.31748840365971e-14,2.00111529086238e-07
"969",398500,317500,393500,344500,"7057_7211",1.31677568091465e-14,2.00003274593879e-07
"970",399500,224500,399500,275500,"7654_7864",1.31386480337593e-14,1.99561145347322e-07
"971",314500,138500,342500,155500,"8262_8706",1.31113168247332e-14,1.99146015315454e-07
"972",334500,275500,323500,286500,"7531_7647",1.30778728773417e-14,1.98638039728526e-07
"973",313500,140500,341500,154500,"8281_8655",1.30510811441998e-14,1.9823110372279e-07
"974",362500,172500,363500,213500,"7880_7988",1.29744682870876e-14,1.97067441413368e-07
"975",472500,263500,471500,305500,"7337_7722",1.29320577763133e-14,1.96423273909745e-07
"976",345500,159500,356500,198500,"7927_8170",1.2901732639695e-14,1.95962669517207e-07
"977",491500,229500,472500,263500,"7722_7849",1.28927671435517e-14,1.95826493810668e-07
"978",396500,319500,392500,339500,"7094_7188",1.28374706187246e-14,1.94986602385016e-07
"979",383500,289500,396500,311500,"7289_7512",1.28181295730809e-14,1.9469283386249e-07
"980",312500,141500,343500,154500,"8283_8622",1.27562121126986e-14,1.93752377943498e-07
"981",312500,138500,343500,155500,"8263_8704",1.26765547705273e-14,1.92542473362892e-07
"982",384500,288500,409500,297500,"7398_7522",1.26513355462937e-14,1.92159421981966e-07
"983",399500,321500,393500,344500,"7057_7170",1.26398063807476e-14,1.91984307048118e-07
"984",351500,154500,355500,199500,"7921_8285",1.26352841486093e-14,1.91915619476708e-07
"985",326500,256500,323500,287500,"7524_7758",1.26023837015046e-14,1.91415899042019e-07
"986",317500,139500,341500,155500,"8261_8689",1.25995023976293e-14,1.91372135307732e-07
"987",314500,138500,341500,154500,"8281_8706",1.25939515916937e-14,1.91287824868236e-07
"988",345500,158500,356500,199500,"7922_8197",1.25920625711173e-14,1.9125913279057e-07
"989",399500,225500,382500,271500,"7686_7861",1.2589985121271e-14,1.91227578686246e-07
"990",327500,235500,325500,255500,"7762_7829",1.25299649426383e-14,1.90315940322762e-07
"991",317500,134500,347500,157500,"8221_8792",1.25215458858013e-14,1.90188064408831e-07
"992",314500,141500,347500,157500,"8221_8624",1.25092613044665e-14,1.9000147556689e-07
"993",399500,225500,381500,273500,"7675_7861",1.24834819975913e-14,1.89609917166585e-07
"994",399500,316500,392500,339500,"7094_7230",1.2463361653599e-14,1.89304311986998e-07
"995",313500,137500,341500,155500,"8261_8723",1.22384448199366e-14,1.85888080665615e-07
"996",492500,230500,472500,263500,"7722_7845",1.22199542497341e-14,1.85607229899367e-07
"997",334500,275500,338500,287500,"7525_7647",1.2174425951935e-14,1.8491570675093e-07
"998",317500,135500,347500,157500,"8221_8772",1.21401270314836e-14,1.84394745094003e-07
"999",399500,275500,409500,296500,"7419_7654",1.21210461908711e-14,1.84104928790451e-07
"1000",312500,142500,347500,157500,"8221_8586",1.21038728104844e-14,1.838440846419e-07
