,x1,y1,x2,y2,label,power,perc
1,355500,199500,344500,224500,7863_7921,1.11E-06,0.129935407
2,355500,199500,331500,225500,7860_7921,7.21E-07,0.084760549
3,363500,213500,344500,224500,7863_7880,4.56E-07,0.053543687
4,355500,199500,330500,227500,7854_7921,4.24E-07,0.049826226
5,355500,199500,330500,226500,7857_7921,3.87E-07,0.045473214
6,356500,199500,344500,224500,7863_7922,3.51E-07,0.041293071
7,362500,173500,355500,199500,7921_7981,3.45E-07,0.040491209
8,355500,198500,344500,224500,7863_7926,3.14E-07,0.036876439
9,355500,198500,331500,225500,7860_7926,2.20E-07,0.025820585
10,355500,199500,330500,225500,7859_7921,2.17E-07,0.025508955
11,362500,173500,355500,198500,7926_7981,2.08E-07,0.02440048
12,356500,199500,331500,225500,7860_7922,2.06E-07,0.024199227
13,355500,199500,330500,228500,7852_7921,1.79E-07,0.02100116
14,363500,173500,355500,199500,7921_7982,1.64E-07,0.019230099
15,355500,199500,338500,229500,7848_7921,1.58E-07,0.018513054
16,362500,173500,356500,199500,7922_7981,1.43E-07,0.016757965
17,362500,172500,355500,199500,7921_7988,1.29E-07,0.015158307
18,355500,198500,330500,227500,7854_7926,1.29E-07,0.015114578
19,356500,199500,330500,227500,7854_7922,1.22E-07,0.014296563
20,355500,198500,330500,226500,7857_7926,1.18E-07,0.013859488
21,356500,199500,330500,226500,7857_7922,1.10E-07,0.012978367
22,363500,173500,355500,198500,7926_7982,9.82E-08,0.011541181
23,356500,198500,344500,224500,7863_7927,9.21E-08,0.010829479
24,355500,199500,327500,234500,7832_7921,9.09E-08,0.010684776
25,362500,173500,356500,198500,7927_7981,7.93E-08,0.009315797
26,362500,172500,355500,198500,7926_7988,7.78E-08,0.009143762
27,355500,199500,329500,229500,7847_7921,7.04E-08,0.008270203
28,363500,173500,356500,199500,7922_7982,6.87E-08,0.008069681
29,355500,198500,330500,225500,7859_7926,6.65E-08,0.007813832
30,356500,199500,330500,225500,7859_7922,6.16E-08,0.007240978
31,356500,198500,331500,225500,7860_7927,5.80E-08,0.006813259
32,363500,213500,331500,225500,7860_7880,5.65E-08,0.006638869
33,355500,198500,330500,228500,7852_7926,5.40E-08,0.006342295
34,362500,172500,356500,199500,7922_7988,5.32E-08,0.006252281
35,363500,213500,338500,229500,7848_7880,5.19E-08,0.006102159
36,356500,199500,330500,228500,7852_7922,5.15E-08,0.006057229
37,356500,199500,338500,229500,7848_7922,4.84E-08,0.005684482
38,355500,198500,338500,229500,7848_7926,4.55E-08,0.005348963
39,363500,213500,330500,227500,7854_7880,4.03E-08,0.00473279
40,363500,173500,356500,198500,7927_7982,3.80E-08,0.004469669
41,356500,198500,330500,227500,7854_7927,3.41E-08,0.004006902
42,363500,213500,330500,226500,7857_7880,3.18E-08,0.003738085
43,356500,198500,330500,226500,7857_7927,3.11E-08,0.00365513
44,472500,264500,495500,302500,7344_7720,2.98E-08,0.003505358
45,362500,172500,356500,198500,7927_7988,2.96E-08,0.003478298
46,472500,264500,496500,302500,7345_7720,2.79E-08,0.00328214
47,472500,264500,484500,297500,7401_7720,2.74E-08,0.00321996
48,355500,198500,327500,234500,7832_7926,2.72E-08,0.003198147
49,356500,199500,327500,234500,7832_7922,2.65E-08,0.003117575
50,472500,264500,495500,301500,7351_7720,2.54E-08,0.002985158
51,355500,199500,326500,235500,7828_7921,2.48E-08,0.002918012
52,355500,198500,329500,229500,7847_7926,2.13E-08,0.002499457
53,493500,234500,472500,264500,7720_7833,2.07E-08,0.002436033
54,347500,157500,355500,199500,7921_8221,2.03E-08,0.002384574
55,356500,199500,329500,229500,7847_7922,2.03E-08,0.002383699
56,363500,213500,330500,228500,7852_7880,1.95E-08,0.002294115
57,355500,199500,329500,228500,7851_7921,1.85E-08,0.002170858
58,348500,157500,355500,199500,7921_8222,1.84E-08,0.002160995
59,472500,264500,452500,310500,7300_7720,1.75E-08,0.002060255
60,356500,198500,330500,225500,7859_7927,1.74E-08,0.002049795
61,355500,199500,326500,234500,7831_7921,1.68E-08,0.001977292
62,363500,213500,327500,234500,7832_7880,1.55E-08,0.00181613
63,347500,165500,355500,199500,7921_8040,1.54E-08,0.001811339
64,363500,213500,330500,225500,7859_7880,1.54E-08,0.001806179
65,356500,198500,330500,228500,7852_7927,1.44E-08,0.001689908
66,355500,199500,328500,233500,7836_7921,1.40E-08,0.001644308
67,356500,198500,338500,229500,7848_7927,1.29E-08,0.001517039
68,472500,264500,453500,310500,7301_7720,1.28E-08,0.001504928
69,472500,264500,487500,299500,7369_7720,1.26E-08,0.001475414
70,347500,157500,355500,198500,7926_8221,1.23E-08,0.001447128
71,366500,174500,355500,199500,7921_7978,1.20E-08,0.001414808
72,348500,157500,355500,198500,7926_8222,1.12E-08,0.001313623
73,472500,264500,472500,305500,7338_7720,1.11E-08,0.001307148
74,347500,165500,355500,198500,7926_8040,9.32E-09,0.001095178
75,472500,264500,487500,298500,7382_7720,9.06E-09,0.001064611
76,363500,213500,329500,229500,7847_7880,7.95E-09,0.000933927
77,472500,264500,453500,309500,7309_7720,7.94E-09,0.000933388
78,355500,199500,327500,233500,7835_7921,7.79E-09,0.000915223
79,347500,158500,355500,199500,7921_8199,7.47E-09,0.000877957
80,355500,198500,326500,235500,7828_7926,7.44E-09,0.000874185
81,356500,198500,327500,234500,7832_7927,7.33E-09,0.00086138
82,356500,199500,326500,235500,7828_7922,7.24E-09,0.000850594
83,366500,174500,355500,198500,7926_7978,7.10E-09,0.000835006
84,347500,157500,356500,199500,7922_8221,7.04E-09,0.00082735
85,472500,264500,471500,305500,7337_7720,6.51E-09,0.00076518
86,348500,157500,356500,199500,7922_8222,6.44E-09,0.000756576
87,491500,229500,472500,264500,7720_7849,6.11E-09,0.000717893
88,472500,264500,453500,311500,7294_7720,5.90E-09,0.000693871
89,356500,198500,329500,229500,7847_7927,5.66E-09,0.000665413
90,355500,198500,329500,228500,7851_7926,5.61E-09,0.000658929
91,472500,264500,452500,311500,7293_7720,5.46E-09,0.000641683
92,492500,230500,472500,264500,7720_7845,5.45E-09,0.000640135
93,356500,199500,329500,228500,7851_7922,5.30E-09,0.000622571
94,366500,174500,356500,199500,7922_7978,5.28E-09,0.000620429
95,347500,165500,356500,199500,7922_8040,5.25E-09,0.000617456
96,355500,198500,326500,234500,7831_7926,5.06E-09,0.000594383
97,356500,199500,326500,234500,7831_7922,4.88E-09,0.000573926
98,348500,156500,355500,199500,7921_8245,4.57E-09,0.000537605
99,347500,158500,355500,198500,7926_8199,4.53E-09,0.000532619
100,355500,199500,327500,235500,7829_7921,4.35E-09,0.000511683
101,363500,172500,355500,199500,7921_7989,4.29E-09,0.000504399
102,363500,213500,326500,235500,7828_7880,4.28E-09,0.000503314
103,355500,198500,328500,233500,7836_7926,4.18E-09,0.000491711
104,356500,199500,328500,233500,7836_7922,4.09E-09,0.000480263
105,355500,199500,328500,230500,7842_7921,4.08E-09,0.000479087
106,347500,157500,356500,198500,7927_8221,3.92E-09,0.000460639
107,491500,228500,472500,264500,7720_7853,3.82E-09,0.000449305
108,348500,157500,356500,198500,7927_8222,3.59E-09,0.000422017
109,350500,155500,355500,199500,7921_8265,3.58E-09,0.000420554
110,566500,328500,522500,362500,6899_7127,3.28E-09,0.000385218
111,502500,237500,472500,264500,7720_7824,3.27E-09,0.000384789
112,346500,157500,355500,199500,7921_8220,3.20E-09,0.000376541
113,347500,165500,356500,198500,7927_8040,2.91E-09,0.000342195
114,366500,174500,356500,198500,7927_7978,2.88E-09,0.000338395
115,347500,156500,355500,199500,7921_8244,2.86E-09,0.000335607
116,567500,328500,522500,362500,6899_7128,2.79E-09,0.000328192
117,348500,156500,355500,198500,7926_8245,2.78E-09,0.000326881
118,567500,334500,522500,362500,6899_7107,2.76E-09,0.000323819
119,363500,213500,326500,234500,7831_7880,2.60E-09,0.00030589
120,347500,158500,356500,199500,7922_8199,2.59E-09,0.00030405
121,363500,172500,355500,198500,7926_7989,2.58E-09,0.000303107
122,343500,155500,355500,199500,7921_8263,2.47E-09,0.000290602
123,355500,199500,329500,230500,7843_7921,2.40E-09,0.0002824
124,363500,213500,328500,233500,7836_7880,2.34E-09,0.000275136
125,355500,198500,327500,233500,7835_7926,2.34E-09,0.000274899
126,472500,264500,452500,309500,7308_7720,2.32E-09,0.000272965
127,356500,199500,327500,233500,7835_7922,2.26E-09,0.000265872
128,349500,157500,355500,199500,7921_8223,2.23E-09,0.000262258
129,350500,155500,355500,198500,7926_8265,2.18E-09,0.000256402
130,356500,198500,326500,235500,7828_7927,2.00E-09,0.000235196
131,346500,157500,355500,198500,7926_8220,1.94E-09,0.000228088
132,493500,234500,471500,263500,7721_7833,1.92E-09,0.000225779
133,567500,329500,522500,362500,6899_7121,1.91E-09,0.000224396
134,363500,213500,329500,228500,7851_7880,1.82E-09,0.000214369
135,355500,199500,363500,213500,7880_7921,1.82E-09,0.000214251
136,363500,172500,356500,199500,7922_7989,1.79E-09,0.000210861
137,347500,156500,355500,198500,7926_8244,1.73E-09,0.000203737
138,355500,199500,325500,237500,7823_7921,1.70E-09,0.000199245
139,348500,156500,356500,199500,7922_8245,1.60E-09,0.000188517
140,355500,199500,328500,229500,7846_7921,1.50E-09,0.000176284
141,343500,155500,355500,198500,7926_8263,1.49E-09,0.000175097
142,356500,198500,329500,228500,7851_7927,1.49E-09,0.000174564
143,566500,328500,521500,362500,6898_7127,1.47E-09,0.000172877
144,471500,263500,495500,302500,7344_7721,1.46E-09,0.000171746
145,347500,158500,356500,198500,7927_8199,1.44E-09,0.00016921
146,471500,263500,484500,297500,7401_7721,1.39E-09,0.000163421
147,341500,155500,355500,199500,7921_8261,1.38E-09,0.000162057
148,471500,263500,496500,302500,7345_7721,1.36E-09,0.000160425
149,349500,157500,355500,198500,7926_8223,1.36E-09,0.000159653
150,356500,198500,326500,234500,7831_7927,1.36E-09,0.000159251
151,348500,157500,362500,173500,7981_8222,1.34E-09,0.000157356
152,355500,198500,327500,235500,7829_7926,1.30E-09,0.00015265
153,350500,155500,356500,199500,7922_8265,1.28E-09,0.000150318
154,356500,199500,327500,235500,7829_7922,1.28E-09,0.000149939
155,567500,328500,521500,362500,6898_7128,1.25E-09,0.000146906
156,346500,158500,355500,199500,7921_8198,1.25E-09,0.000146809
157,471500,263500,495500,301500,7351_7721,1.24E-09,0.000146035
158,355500,198500,328500,230500,7842_7926,1.23E-09,0.000144894
159,347500,157500,362500,173500,7981_8221,1.21E-09,0.000142411
160,567500,334500,521500,362500,6898_7107,1.21E-09,0.000142044
161,471500,263500,452500,310500,7300_7721,1.20E-09,0.000141203
162,363500,213500,327500,233500,7835_7880,1.18E-09,0.00013899
163,356500,199500,328500,230500,7842_7922,1.17E-09,0.000137999
164,472500,264500,451500,314500,7268_7720,1.14E-09,0.000133468
165,356500,198500,328500,233500,7836_7927,1.13E-09,0.000132589
166,355500,199500,325500,235500,7827_7921,1.11E-09,0.0001309
167,346500,157500,356500,199500,7922_8220,1.10E-09,0.000129486
168,492500,229500,472500,264500,7720_7850,1.06E-09,0.000125082
169,340500,155500,355500,199500,7921_8260,1.06E-09,0.000124191
170,363500,172500,356500,198500,7927_7989,9.95E-10,0.00011691
171,347500,156500,356500,199500,7922_8244,9.93E-10,0.000116649
172,326500,256500,334500,274500,7663_7758,9.79E-10,0.000115071
173,348500,157500,362500,172500,7988_8222,9.70E-10,0.000114028
174,568500,329500,522500,362500,6899_7122,9.33E-10,0.000109667
175,471500,264500,495500,302500,7344_7719,9.12E-10,0.000107182
176,471500,264500,484500,297500,7401_7719,8.97E-10,0.000105457
177,348500,156500,356500,198500,7927_8245,8.95E-10,0.000105189
178,472500,264500,472500,306500,7331_7720,8.77E-10,0.000103084
179,347500,157500,362500,172500,7988_8221,8.70E-10,0.000102232
180,471500,263500,453500,310500,7301_7721,8.69E-10,0.000102157
181,567500,329500,521500,362500,6898_7121,8.52E-10,0.000100106
182,471500,264500,496500,302500,7345_7719,8.48E-10,9.97E-05
183,338500,155500,355500,199500,7921_8258,8.45E-10,9.93E-05
184,343500,155500,356500,199500,7922_8263,8.33E-10,9.79E-05
185,356500,199500,363500,213500,7880_7922,8.27E-10,9.72E-05
186,341500,155500,355500,198500,7926_8261,8.27E-10,9.72E-05
187,363500,213500,327500,235500,7829_7880,8.25E-10,9.70E-05
188,349500,157500,356500,199500,7922_8223,7.88E-10,9.27E-05
189,355500,199500,329500,232500,7838_7921,7.75E-10,9.11E-05
190,471500,264500,495500,301500,7351_7719,7.73E-10,9.09E-05
191,471500,264500,452500,310500,7300_7719,7.73E-10,9.09E-05
192,354500,151500,355500,199500,7921_8346,7.73E-10,9.09E-05
193,346500,158500,355500,198500,7926_8198,7.56E-10,8.89E-05
194,325500,256500,334500,274500,7663_7757,7.54E-10,8.86E-05
195,363500,213500,399500,224500,7864_7880,7.51E-10,8.82E-05
196,355500,198500,329500,230500,7843_7926,7.23E-10,8.50E-05
197,344500,224500,338500,229500,7848_7863,7.21E-10,8.48E-05
198,350500,155500,356500,198500,7927_8265,7.16E-10,8.41E-05
199,491500,230500,472500,264500,7720_7844,6.96E-10,8.18E-05
200,356500,199500,329500,230500,7843_7922,6.96E-10,8.18E-05
201,363500,213500,399500,225500,7861_7880,6.93E-10,8.14E-05
202,472500,264500,449500,312500,7284_7720,6.54E-10,7.69E-05
203,340500,155500,355500,198500,7926_8260,6.32E-10,7.43E-05
204,471500,263500,472500,305500,7338_7721,6.30E-10,7.40E-05
205,471500,263500,487500,299500,7369_7721,6.30E-10,7.40E-05
206,356500,198500,327500,233500,7835_7927,6.27E-10,7.37E-05
207,326500,256500,334500,275500,7647_7758,6.26E-10,7.36E-05
208,493500,234500,471500,264500,7719_7833,6.20E-10,7.28E-05
209,346500,157500,356500,198500,7927_8220,6.12E-10,7.19E-05
210,491500,229500,471500,263500,7721_7849,6.03E-10,7.09E-05
211,344500,224500,331500,225500,7860_7863,6.03E-10,7.08E-05
212,472500,264500,452500,315500,7256_7720,5.94E-10,6.98E-05
213,338500,156500,355500,199500,7921_8239,5.77E-10,6.78E-05
214,566500,328500,522500,363500,6880_7127,5.76E-10,6.77E-05
215,355500,199500,328500,239500,7820_7921,5.73E-10,6.73E-05
216,472500,264500,446500,315500,7254_7720,5.71E-10,6.71E-05
217,471500,264500,453500,310500,7301_7719,5.61E-10,6.59E-05
218,347500,156500,356500,198500,7927_8244,5.53E-10,6.50E-05
219,348500,157500,363500,173500,7982_8222,5.46E-10,6.41E-05
220,471500,263500,453500,309500,7309_7721,5.41E-10,6.36E-05
221,492500,230500,471500,263500,7721_7845,5.28E-10,6.20E-05
222,355500,198500,363500,213500,7880_7926,5.27E-10,6.19E-05
223,339500,155500,355500,199500,7921_8259,5.23E-10,6.14E-05
224,355500,198500,325500,237500,7823_7926,5.07E-10,5.96E-05
225,344500,224500,330500,227500,7854_7863,5.03E-10,5.91E-05
226,338500,155500,355500,198500,7926_8258,5.03E-10,5.91E-05
227,567500,334500,522500,363500,6880_7107,5.00E-10,5.88E-05
228,356500,199500,325500,237500,7823_7922,4.96E-10,5.83E-05
229,567500,328500,522500,363500,6880_7128,4.92E-10,5.79E-05
230,347500,157500,363500,173500,7982_8221,4.89E-10,5.75E-05
231,325500,256500,334500,275500,7647_7757,4.86E-10,5.71E-05
232,363500,213500,328500,230500,7842_7880,4.75E-10,5.58E-05
233,354500,151500,355500,198500,7926_8346,4.73E-10,5.55E-05
234,350500,156500,355500,199500,7921_8247,4.62E-10,5.43E-05
235,343500,155500,356500,198500,7927_8263,4.60E-10,5.41E-05
236,341500,155500,356500,199500,7922_8261,4.57E-10,5.37E-05
237,355500,198500,328500,229500,7846_7926,4.56E-10,5.35E-05
238,566500,328500,521500,364500,6860_7127,4.54E-10,5.34E-05
239,471500,263500,487500,298500,7382_7721,4.53E-10,5.33E-05
240,399500,225500,382500,270500,7695_7861,4.45E-10,5.24E-05
241,350500,155500,362500,173500,7981_8265,4.44E-10,5.21E-05
242,349500,157500,356500,198500,7927_8223,4.41E-10,5.18E-05
243,356500,199500,328500,229500,7846_7922,4.30E-10,5.05E-05
244,346500,158500,356500,199500,7922_8198,4.29E-10,5.04E-05
245,355500,199500,327500,231500,7840_7921,4.22E-10,4.95E-05
246,472500,264500,449500,317500,7219_7720,4.20E-10,4.94E-05
247,471500,264500,472500,305500,7338_7719,4.18E-10,4.91E-05
248,568500,329500,521500,362500,6898_7122,4.15E-10,4.88E-05
249,325500,255500,334500,274500,7663_7762,4.14E-10,4.86E-05
250,471500,264500,487500,299500,7369_7719,4.03E-10,4.74E-05
251,347500,158500,362500,173500,7981_8199,4.02E-10,4.72E-05
252,471500,263500,453500,311500,7294_7721,3.99E-10,4.69E-05
253,350500,154500,355500,199500,7921_8284,3.98E-10,4.68E-05
254,567500,334500,521500,364500,6860_7107,3.98E-10,4.68E-05
255,567500,328500,521500,364500,6860_7128,3.89E-10,4.57E-05
256,491500,228500,471500,263500,7721_7853,3.80E-10,4.47E-05
257,471500,263500,452500,311500,7293_7721,3.73E-10,4.38E-05
258,471500,263500,471500,305500,7337_7721,3.72E-10,4.38E-05
259,339500,156500,355500,199500,7921_8240,3.68E-10,4.32E-05
260,344500,224500,330500,226500,7857_7863,3.66E-10,4.30E-05
261,348500,156500,362500,173500,7981_8245,3.64E-10,4.28E-05
262,568500,331500,522500,362500,6899_7113,3.63E-10,4.27E-05
263,356500,198500,327500,235500,7829_7927,3.51E-10,4.13E-05
264,472500,264500,447500,314500,7266_7720,3.51E-10,4.12E-05
265,471500,264500,453500,309500,7309_7719,3.49E-10,4.10E-05
266,340500,155500,356500,199500,7922_8260,3.48E-10,4.08E-05
267,338500,156500,355500,198500,7926_8239,3.43E-10,4.03E-05
268,472500,264500,454500,310500,7302_7720,3.41E-10,4.01E-05
269,567500,329500,522500,363500,6880_7121,3.38E-10,3.97E-05
270,326500,256500,320500,285500,7538_7758,3.37E-10,3.96E-05
271,355500,198500,325500,235500,7827_7926,3.35E-10,3.94E-05
272,350500,155500,362500,172500,7988_8265,3.32E-10,3.91E-05
273,325500,256500,320500,285500,7538_7757,3.32E-10,3.90E-05
274,363500,213500,325500,237500,7823_7880,3.28E-10,3.86E-05
275,356500,198500,328500,230500,7842_7927,3.28E-10,3.85E-05
276,356500,199500,325500,235500,7827_7922,3.23E-10,3.80E-05
277,472500,264500,450500,314500,7267_7720,3.18E-10,3.73E-05
278,346500,156500,355500,199500,7921_8243,3.17E-10,3.73E-05
279,566500,328500,520500,364500,6859_7127,3.15E-10,3.71E-05
280,339500,155500,355500,198500,7926_8259,3.12E-10,3.66E-05
281,355500,199500,327500,232500,7837_7921,3.11E-10,3.66E-05
282,363500,213500,329500,230500,7843_7880,3.09E-10,3.63E-05
283,492500,232500,472500,264500,7720_7839,3.08E-10,3.62E-05
284,568500,322500,522500,362500,6899_7165,2.97E-10,3.49E-05
285,399500,224500,382500,270500,7695_7864,2.94E-10,3.45E-05
286,471500,264500,487500,298500,7382_7719,2.90E-10,3.40E-05
287,347500,165500,362500,173500,7981_8040,2.89E-10,3.39E-05
288,567500,330500,522500,362500,6899_7116,2.87E-10,3.38E-05
289,472500,264500,496500,303500,7342_7720,2.87E-10,3.37E-05
290,354500,151500,356500,199500,7922_8346,2.87E-10,3.37E-05
291,564500,327500,522500,362500,6899_7130,2.86E-10,3.36E-05
292,347500,158500,362500,172500,7988_8199,2.86E-10,3.36E-05
293,355500,199500,327500,230500,7841_7921,2.84E-10,3.34E-05
294,350500,156500,355500,198500,7926_8247,2.81E-10,3.31E-05
295,566500,333500,522500,362500,6899_7109,2.76E-10,3.24E-05
296,338500,155500,356500,199500,7922_8258,2.74E-10,3.22E-05
297,354500,150500,355500,199500,7921_8360,2.74E-10,3.22E-05
298,567500,331500,522500,362500,6899_7112,2.71E-10,3.19E-05
299,567500,334500,520500,364500,6859_7107,2.70E-10,3.18E-05
300,567500,328500,520500,364500,6859_7128,2.69E-10,3.16E-05
301,502500,237500,471500,263500,7721_7824,2.67E-10,3.14E-05
302,567500,329500,521500,364500,6860_7121,2.67E-10,3.14E-05
303,348500,156500,362500,172500,7988_8245,2.66E-10,3.13E-05
304,325500,255500,334500,275500,7647_7762,2.66E-10,3.12E-05
305,344500,224500,330500,228500,7852_7863,2.60E-10,3.06E-05
306,471500,264500,453500,311500,7294_7719,2.58E-10,3.03E-05
307,578500,343500,522500,362500,6899_7061,2.53E-10,2.98E-05
308,341500,155500,356500,198500,7927_8261,2.51E-10,2.95E-05
309,471500,264500,471500,305500,7337_7719,2.47E-10,2.90E-05
310,350500,154500,355500,198500,7926_8284,2.43E-10,2.86E-05
311,471500,264500,452500,311500,7293_7719,2.40E-10,2.82E-05
312,346500,158500,356500,198500,7927_8198,2.38E-10,2.80E-05
313,355500,198500,329500,232500,7838_7926,2.32E-10,2.72E-05
314,344500,224500,327500,234500,7832_7863,2.30E-10,2.70E-05
315,356500,199500,329500,232500,7838_7922,2.27E-10,2.66E-05
316,339500,156500,355500,198500,7926_8240,2.19E-10,2.57E-05
317,356500,198500,363500,213500,7880_7927,2.18E-10,2.56E-05
318,566500,328500,520500,363500,6878_7127,2.14E-10,2.51E-05
319,354500,151500,362500,173500,7981_8346,2.09E-10,2.46E-05
320,566500,328500,522500,361500,6918_7127,2.07E-10,2.43E-05
321,349500,157500,362500,173500,7981_8223,1.98E-10,2.32E-05
322,356500,198500,329500,230500,7843_7927,1.93E-10,2.27E-05
323,346500,156500,355500,198500,7926_8243,1.92E-10,2.26E-05
324,340500,155500,356500,198500,7927_8260,1.91E-10,2.24E-05
325,491500,229500,471500,264500,7719_7849,1.90E-10,2.23E-05
326,350500,155500,363500,173500,7982_8265,1.88E-10,2.21E-05
327,347500,156500,362500,173500,7981_8244,1.88E-10,2.21E-05
328,579500,343500,522500,362500,6899_7062,1.87E-10,2.19E-05
329,338500,156500,356500,199500,7922_8239,1.86E-10,2.19E-05
330,472500,264500,447500,315500,7255_7720,1.86E-10,2.19E-05
331,347500,165500,362500,172500,7988_8040,1.86E-10,2.19E-05
332,355500,199500,329500,238500,7821_7921,1.85E-10,2.17E-05
333,567500,329500,520500,364500,6859_7121,1.84E-10,2.17E-05
334,567500,328500,520500,363500,6878_7128,1.82E-10,2.14E-05
335,363500,213500,328500,239500,7820_7880,1.79E-10,2.10E-05
336,567500,334500,520500,363500,6878_7107,1.78E-10,2.09E-05
337,355500,199500,326500,233500,7834_7921,1.77E-10,2.08E-05
338,328500,259500,334500,274500,7663_7737,1.76E-10,2.07E-05
339,325500,255500,320500,285500,7538_7762,1.76E-10,2.07E-05
340,567500,328500,522500,361500,6918_7128,1.76E-10,2.06E-05
341,363500,213500,325500,235500,7827_7880,1.75E-10,2.06E-05
342,399500,225500,381500,270500,7694_7861,1.75E-10,2.06E-05
343,472500,264500,445500,315500,7253_7720,1.72E-10,2.02E-05
344,567500,322500,522500,362500,6899_7164,1.72E-10,2.02E-05
345,356500,199500,328500,239500,7820_7922,1.72E-10,2.02E-05
346,339500,155500,356500,199500,7922_8259,1.71E-10,2.00E-05
347,355500,198500,328500,239500,7820_7926,1.68E-10,1.98E-05
348,567500,334500,522500,361500,6918_7107,1.68E-10,1.97E-05
349,354500,150500,355500,198500,7926_8360,1.67E-10,1.97E-05
350,492500,230500,471500,264500,7719_7845,1.67E-10,1.96E-05
351,568500,329500,522500,363500,6880_7122,1.66E-10,1.95E-05
352,350500,156500,356500,199500,7922_8247,1.65E-10,1.94E-05
353,354500,151500,362500,172500,7988_8346,1.64E-10,1.93E-05
354,345500,159500,355500,199500,7921_8170,1.64E-10,1.92E-05
355,472500,264500,495500,308500,7317_7720,1.64E-10,1.92E-05
356,354500,151500,356500,198500,7927_8346,1.61E-10,1.89E-05
357,328500,258500,334500,274500,7663_7742,1.61E-10,1.89E-05
358,568500,331500,521500,362500,6898_7113,1.61E-10,1.89E-05
359,347500,158500,363500,173500,7982_8199,1.61E-10,1.89E-05
360,344500,224500,330500,225500,7859_7863,1.60E-10,1.88E-05
361,343500,154500,355500,199500,7921_8283,1.60E-10,1.88E-05
362,471500,263500,452500,309500,7308_7721,1.60E-10,1.88E-05
363,325500,256500,318500,283500,7554_7757,1.60E-10,1.88E-05
364,472500,264500,452500,314500,7269_7720,1.57E-10,1.85E-05
365,326500,256500,318500,283500,7554_7758,1.57E-10,1.85E-05
366,346500,157500,362500,173500,7981_8220,1.57E-10,1.84E-05
367,327500,259500,334500,274500,7663_7736,1.56E-10,1.83E-05
368,329500,259500,334500,274500,7663_7738,1.55E-10,1.82E-05
369,399500,225500,369500,254500,7767_7861,1.54E-10,1.81E-05
370,363500,213500,328500,229500,7846_7880,1.54E-10,1.80E-05
371,566500,328500,521500,363500,6879_7127,1.53E-10,1.80E-05
372,472500,264500,448500,312500,7283_7720,1.53E-10,1.79E-05
373,348500,156500,363500,173500,7982_8245,1.50E-10,1.76E-05
374,338500,155500,356500,198500,7927_8258,1.49E-10,1.75E-05
375,345500,155500,355500,199500,7921_8264,1.48E-10,1.74E-05
376,472500,264500,446500,314500,7265_7720,1.48E-10,1.74E-05
377,507500,238500,472500,264500,7720_7822,1.48E-10,1.74E-05
378,349500,157500,362500,172500,7988_8223,1.45E-10,1.70E-05
379,350500,154500,356500,199500,7922_8284,1.43E-10,1.68E-05
380,326500,255500,334500,274500,7663_7763,1.41E-10,1.66E-05
381,356500,198500,325500,237500,7823_7927,1.37E-10,1.61E-05
382,347500,156500,362500,172500,7988_8244,1.36E-10,1.60E-05
383,355500,199500,326500,240500,7819_7921,1.36E-10,1.59E-05
384,568500,322500,521500,362500,6898_7165,1.35E-10,1.59E-05
385,399500,225500,380500,274500,7665_7861,1.34E-10,1.57E-05
386,567500,327500,522500,362500,6899_7132,1.33E-10,1.57E-05
387,568500,329500,521500,364500,6860_7122,1.31E-10,1.54E-05
388,567500,328500,521500,363500,6879_7128,1.31E-10,1.54E-05
389,567500,334500,521500,363500,6879_7107,1.30E-10,1.53E-05
390,564500,327500,521500,362500,6898_7130,1.29E-10,1.52E-05
391,567500,330500,521500,362500,6898_7116,1.28E-10,1.50E-05
392,355500,198500,327500,231500,7840_7926,1.28E-10,1.50E-05
393,363500,213500,329500,232500,7838_7880,1.28E-10,1.50E-05
394,342500,155500,355500,199500,7921_8262,1.27E-10,1.50E-05
395,313500,141500,338500,155500,8258_8623,1.27E-10,1.49E-05
396,345500,158500,355500,199500,7921_8197,1.27E-10,1.49E-05
397,363500,213500,369500,254500,7767_7880,1.26E-10,1.48E-05
398,567500,329500,520500,363500,6878_7121,1.24E-10,1.46E-05
399,566500,333500,521500,362500,6898_7109,1.22E-10,1.43E-05
400,356500,199500,327500,231500,7840_7922,1.21E-10,1.43E-05
401,356500,198500,328500,229500,7846_7927,1.21E-10,1.42E-05
402,567500,331500,521500,362500,6898_7112,1.20E-10,1.41E-05
403,339500,156500,356500,199500,7922_8240,1.20E-10,1.41E-05
404,567500,329500,522500,361500,6918_7121,1.19E-10,1.40E-05
405,491500,228500,471500,264500,7719_7853,1.19E-10,1.40E-05
406,570500,320500,522500,362500,6899_7184,1.19E-10,1.40E-05
407,578500,342500,522500,362500,6899_7067,1.17E-10,1.37E-05
408,399500,224500,381500,270500,7694_7864,1.16E-10,1.36E-05
409,454500,254500,452500,310500,7300_7768,1.16E-10,1.36E-05
410,328500,259500,334500,275500,7647_7737,1.12E-10,1.31E-05
411,346500,157500,362500,172500,7988_8220,1.12E-10,1.31E-05
412,399500,224500,369500,254500,7767_7864,1.12E-10,1.31E-05
413,569500,322500,522500,362500,6899_7166,1.12E-10,1.31E-05
414,346500,156500,356500,199500,7922_8243,1.09E-10,1.29E-05
415,344500,224500,329500,229500,7847_7863,1.09E-10,1.28E-05
416,347500,165500,363500,173500,7982_8040,1.08E-10,1.27E-05
417,326500,256500,321500,285500,7539_7758,1.08E-10,1.27E-05
418,578500,343500,521500,362500,6898_7061,1.07E-10,1.26E-05
419,325500,256500,321500,285500,7539_7757,1.05E-10,1.23E-05
420,492500,229500,471500,263500,7721_7850,1.04E-10,1.22E-05
421,354500,313500,361500,326500,7138_7274,1.04E-10,1.22E-05
422,471500,264500,452500,309500,7308_7719,1.03E-10,1.21E-05
423,328500,258500,334500,275500,7647_7742,1.02E-10,1.20E-05
424,354500,150500,356500,199500,7922_8360,1.02E-10,1.19E-05
425,338500,156500,356500,198500,7927_8239,1.01E-10,1.19E-05
426,355500,199500,325500,234500,7830_7921,1.01E-10,1.18E-05
427,399500,225500,381500,274500,7666_7861,1.00E-10,1.18E-05
428,327500,259500,334500,275500,7647_7736,9.99E-11,1.17E-05
429,313500,140500,338500,155500,8258_8655,9.99E-11,1.17E-05
430,345500,159500,355500,198500,7926_8170,9.88E-11,1.16E-05
431,329500,259500,334500,275500,7647_7738,9.80E-11,1.15E-05
432,568500,323500,522500,362500,6899_7158,9.75E-11,1.15E-05
433,336500,156500,355500,199500,7921_8238,9.73E-11,1.14E-05
434,354500,151500,363500,173500,7982_8346,9.66E-11,1.14E-05
435,343500,154500,355500,198500,7926_8283,9.65E-11,1.13E-05
436,326500,256500,323500,286500,7531_7758,9.60E-11,1.13E-05
437,327500,234500,325500,255500,7762_7832,9.48E-11,1.11E-05
438,454500,255500,452500,310500,7300_7764,9.41E-11,1.11E-05
439,355500,198500,327500,232500,7837_7926,9.39E-11,1.10E-05
440,472500,264500,453500,312500,7285_7720,9.34E-11,1.10E-05
441,314500,140500,338500,155500,8258_8656,9.34E-11,1.10E-05
442,339500,155500,356500,198500,7927_8259,9.32E-11,1.10E-05
443,362500,173500,363500,213500,7880_7981,9.29E-11,1.09E-05
444,350500,156500,356500,198500,7927_8247,9.22E-11,1.08E-05
445,502500,237500,471500,264500,7719_7824,9.16E-11,1.08E-05
446,314500,138500,338500,155500,8258_8706,9.12E-11,1.07E-05
447,327500,234500,326500,256500,7758_7832,9.11E-11,1.07E-05
448,325500,256500,323500,286500,7531_7757,9.07E-11,1.07E-05
449,493500,234500,472500,263500,7722_7833,9.03E-11,1.06E-05
450,568500,329500,520500,364500,6859_7122,9.03E-11,1.06E-05
451,356500,199500,327500,232500,7837_7922,9.00E-11,1.06E-05
452,326500,255500,334500,275500,7647_7763,8.99E-11,1.06E-05
453,356500,198500,325500,235500,7827_7927,8.97E-11,1.05E-05
454,567500,329500,521500,363500,6879_7121,8.95E-11,1.05E-05
455,345500,155500,355500,198500,7926_8264,8.95E-11,1.05E-05
456,399500,224500,380500,274500,7665_7864,8.83E-11,1.04E-05
457,355500,199500,399500,224500,7864_7921,8.79E-11,1.03E-05
458,568500,318500,522500,362500,6899_7203,8.75E-11,1.03E-05
459,355500,198500,327500,230500,7841_7926,8.64E-11,1.01E-05
460,398500,318500,392500,339500,7094_7196,8.56E-11,1.01E-05
461,325500,255500,318500,283500,7554_7762,8.52E-11,1.00E-05
462,343500,155500,362500,173500,7981_8263,8.47E-11,9.96E-06
463,312500,141500,338500,155500,8258_8622,8.46E-11,9.94E-06
464,326500,257500,334500,274500,7663_7749,8.27E-11,9.71E-06
465,349500,157500,363500,173500,7982_8223,8.15E-11,9.58E-06
466,356500,199500,327500,230500,7841_7922,8.14E-11,9.57E-06
467,315500,139500,338500,155500,8258_8687,8.13E-11,9.56E-06
468,327500,234500,325500,256500,7757_7832,8.10E-11,9.52E-06
469,493500,234500,454500,254500,7768_7833,8.02E-11,9.42E-06
470,350500,154500,356500,198500,7927_8284,7.98E-11,9.38E-06
471,579500,343500,521500,362500,6898_7062,7.87E-11,9.25E-06
472,567500,322500,521500,362500,6898_7164,7.84E-11,9.22E-06
473,397500,320500,392500,339500,7094_7178,7.84E-11,9.22E-06
474,471500,263500,451500,314500,7268_7721,7.74E-11,9.09E-06
475,345500,158500,355500,198500,7926_8197,7.66E-11,9.00E-06
476,342500,155500,355500,198500,7926_8262,7.66E-11,9.00E-06
477,347500,156500,363500,173500,7982_8244,7.65E-11,8.99E-06
478,354500,150500,362500,173500,7981_8360,7.58E-11,8.91E-06
479,355500,199500,399500,225500,7861_7921,7.50E-11,8.81E-06
480,312500,140500,338500,155500,8258_8654,7.45E-11,8.75E-06
481,569500,320500,522500,362500,6899_7183,7.41E-11,8.71E-06
482,454500,254500,453500,310500,7301_7768,7.30E-11,8.58E-06
483,351500,154500,355500,199500,7921_8285,7.23E-11,8.50E-06
484,566500,328500,522500,364500,6861_7127,7.04E-11,8.28E-06
485,326500,235500,325500,255500,7762_7828,6.96E-11,8.18E-06
486,491500,230500,471500,263500,7721_7844,6.83E-11,8.03E-06
487,374500,334500,385500,340500,7087_7106,6.82E-11,8.02E-06
488,472500,264500,446500,313500,7278_7720,6.82E-11,8.01E-06
489,495500,302500,472500,305500,7338_7344,6.80E-11,7.99E-06
490,315500,138500,338500,155500,8258_8707,6.72E-11,7.89E-06
491,314500,139500,338500,155500,8258_8686,6.70E-11,7.88E-06
492,472500,263500,495500,302500,7344_7722,6.65E-11,7.82E-06
493,399500,224500,381500,274500,7666_7864,6.62E-11,7.78E-06
494,313500,138500,338500,155500,8258_8705,6.61E-11,7.77E-06
495,313500,139500,338500,155500,8258_8685,6.58E-11,7.74E-06
496,326500,235500,326500,256500,7758_7828,6.56E-11,7.71E-06
497,339500,156500,356500,198500,7927_8240,6.53E-11,7.68E-06
498,568500,331500,522500,363500,6880_7113,6.52E-11,7.66E-06
499,472500,264500,427500,298500,7381_7720,6.50E-11,7.64E-06
500,351500,155500,355500,199500,7921_8266,6.46E-11,7.60E-06
501,344500,224500,326500,235500,7828_7863,6.36E-11,7.47E-06
502,567500,334500,522500,364500,6861_7107,6.32E-11,7.42E-06
503,346500,157500,363500,173500,7982_8220,6.27E-11,7.37E-06
504,472500,263500,496500,302500,7345_7722,6.25E-11,7.35E-06
505,356500,198500,329500,232500,7838_7927,6.25E-11,7.35E-06
506,397500,319500,392500,339500,7094_7189,6.20E-11,7.29E-06
507,354500,313500,362500,326500,7139_7274,6.18E-11,7.26E-06
508,326500,256500,320500,284500,7546_7758,6.18E-11,7.26E-06
509,491500,229500,454500,254500,7768_7849,6.12E-11,7.19E-06
510,568500,321500,522500,362500,6899_7173,6.10E-11,7.17E-06
511,325500,256500,320500,284500,7546_7757,6.10E-11,7.17E-06
512,346500,156500,356500,198500,7927_8243,6.08E-11,7.15E-06
513,568500,329500,520500,363500,6878_7122,6.05E-11,7.12E-06
514,567500,328500,522500,364500,6861_7128,6.04E-11,7.10E-06
515,567500,327500,521500,362500,6898_7132,5.99E-11,7.04E-06
516,343500,155500,362500,172500,7988_8263,5.98E-11,7.03E-06
517,313500,141500,340500,155500,8260_8623,5.97E-11,7.01E-06
518,354500,150500,362500,172500,7988_8360,5.95E-11,6.99E-06
519,454500,255500,453500,310500,7301_7764,5.94E-11,6.98E-06
520,326500,235500,325500,256500,7757_7828,5.94E-11,6.98E-06
521,472500,263500,484500,297500,7401_7722,5.91E-11,6.95E-06
522,397500,318500,392500,339500,7094_7195,5.84E-11,6.87E-06
523,568500,329500,522500,361500,6918_7122,5.82E-11,6.84E-06
524,363500,213500,329500,238500,7821_7880,5.78E-11,6.80E-06
525,336500,156500,355500,198500,7926_8238,5.74E-11,6.75E-06
526,354500,150500,356500,198500,7927_8360,5.70E-11,6.70E-06
527,472500,263500,495500,301500,7351_7722,5.68E-11,6.68E-06
528,398500,317500,392500,339500,7094_7211,5.62E-11,6.60E-06
529,315500,140500,338500,155500,8258_8657,5.58E-11,6.56E-06
530,345500,159500,356500,199500,7922_8170,5.55E-11,6.53E-06
531,356500,199500,329500,238500,7821_7922,5.55E-11,6.52E-06
532,325500,255500,321500,285500,7539_7762,5.54E-11,6.52E-06
533,326500,256500,322500,287500,7523_7758,5.52E-11,6.49E-06
534,346500,158500,362500,173500,7981_8198,5.46E-11,6.42E-06
535,570500,320500,521500,362500,6898_7184,5.43E-11,6.38E-06
536,355500,198500,329500,238500,7821_7926,5.42E-11,6.37E-06
537,340500,156500,355500,199500,7921_8241,5.42E-11,6.37E-06
538,343500,154500,356500,199500,7922_8283,5.40E-11,6.35E-06
539,327500,256500,334500,274500,7663_7759,5.36E-11,6.30E-06
540,350500,156500,362500,173500,7981_8247,5.35E-11,6.29E-06
541,355500,198500,326500,233500,7834_7926,5.34E-11,6.28E-06
542,326500,256500,322500,288500,7518_7758,5.32E-11,6.25E-06
543,326500,257500,334500,275500,7647_7749,5.30E-11,6.23E-06
544,496500,302500,472500,305500,7338_7345,5.28E-11,6.21E-06
545,325500,256500,322500,287500,7523_7757,5.28E-11,6.20E-06
546,350500,154500,362500,173500,7981_8284,5.26E-11,6.18E-06
547,568500,331500,521500,364500,6860_7113,5.17E-11,6.08E-06
548,568500,322500,522500,363500,6880_7165,5.13E-11,6.03E-06
549,356500,199500,326500,233500,7834_7922,5.12E-11,6.02E-06
550,567500,330500,522500,363500,6880_7116,5.11E-11,6.01E-06
551,325500,256500,322500,288500,7518_7757,5.08E-11,5.97E-06
552,569500,322500,521500,362500,6898_7166,5.06E-11,5.95E-06
553,345500,155500,356500,199500,7922_8264,5.06E-11,5.95E-06
554,484500,297500,472500,305500,7338_7401,5.06E-11,5.95E-06
555,363500,213500,327500,231500,7840_7880,5.05E-11,5.94E-06
556,315500,136500,338500,155500,8258_8747,5.05E-11,5.94E-06
557,350500,150500,355500,199500,7921_8359,5.00E-11,5.88E-06
558,578500,343500,522500,363500,6880_7061,4.99E-11,5.87E-06
559,471500,264500,451500,314500,7268_7719,4.99E-11,5.86E-06
560,471500,263500,472500,306500,7331_7721,4.97E-11,5.84E-06
561,564500,327500,522500,363500,6880_7130,4.97E-11,5.84E-06
562,566500,333500,522500,363500,6880_7109,4.96E-11,5.83E-06
563,363500,173500,363500,213500,7880_7982,4.95E-11,5.82E-06
564,578500,342500,521500,362500,6898_7067,4.95E-11,5.81E-06
565,313500,141500,338500,156500,8239_8623,4.88E-11,5.74E-06
566,383500,289500,409500,296500,7419_7512,4.87E-11,5.73E-06
567,567500,331500,522500,363500,6880_7112,4.85E-11,5.69E-06
568,312500,142500,338500,155500,8258_8586,4.84E-11,5.69E-06
569,313500,141500,341500,155500,8261_8623,4.81E-11,5.65E-06
570,313500,141500,339500,155500,8259_8623,4.80E-11,5.64E-06
571,362500,326500,374500,334500,7106_7139,4.79E-11,5.63E-06
572,325500,255500,323500,286500,7531_7762,4.78E-11,5.62E-06
573,355500,199500,326500,256500,7758_7921,4.76E-11,5.59E-06
574,313500,140500,340500,155500,8260_8655,4.75E-11,5.59E-06
575,326500,255500,320500,285500,7538_7763,4.73E-11,5.56E-06
576,361500,326500,374500,334500,7106_7138,4.71E-11,5.54E-06
577,454500,254500,453500,309500,7309_7768,4.67E-11,5.49E-06
578,356500,199500,399500,224500,7864_7922,4.67E-11,5.49E-06
579,472500,264500,444500,317500,7217_7720,4.66E-11,5.48E-06
580,356500,198500,328500,239500,7820_7927,4.65E-11,5.47E-06
581,396500,167500,355500,199500,7921_8019,4.64E-11,5.46E-06
582,471500,263500,449500,312500,7284_7721,4.57E-11,5.38E-06
583,312500,139500,338500,155500,8258_8684,4.55E-11,5.35E-06
584,472500,264500,445500,314500,7264_7720,4.55E-11,5.35E-06
585,314500,138500,340500,155500,8260_8706,4.48E-11,5.26E-06
586,314500,140500,340500,155500,8260_8656,4.48E-11,5.26E-06
587,327500,259500,320500,285500,7538_7736,4.47E-11,5.25E-06
588,568500,323500,521500,362500,6898_7158,4.43E-11,5.20E-06
589,351500,154500,355500,198500,7926_8285,4.41E-11,5.19E-06
590,326500,256500,339500,289500,7511_7758,4.40E-11,5.17E-06
591,568500,329500,521500,363500,6879_7122,4.38E-11,5.15E-06
592,399500,225500,399500,275500,7654_7861,4.36E-11,5.12E-06
593,491500,228500,454500,254500,7768_7853,4.34E-11,5.11E-06
594,345500,158500,356500,199500,7922_8197,4.31E-11,5.07E-06
595,342500,155500,356500,199500,7922_8262,4.26E-11,5.00E-06
596,363500,213500,327500,232500,7837_7880,4.21E-11,4.95E-06
597,492500,230500,454500,254500,7768_7845,4.18E-11,4.91E-06
598,567500,329500,522500,364500,6861_7121,4.17E-11,4.90E-06
599,578500,343500,521500,364500,6860_7061,4.14E-11,4.86E-06
600,363500,213500,326500,256500,7758_7880,4.14E-11,4.86E-06
601,316500,135500,338500,155500,8258_8771,4.13E-11,4.85E-06
602,355500,199500,325500,255500,7762_7921,4.05E-11,4.76E-06
603,471500,263500,446500,315500,7254_7721,4.04E-11,4.75E-06
604,567500,330500,521500,364500,6860_7116,4.04E-11,4.75E-06
605,568500,318500,521500,362500,6898_7203,4.03E-11,4.74E-06
606,356500,199500,326500,240500,7819_7922,4.03E-11,4.74E-06
607,568500,322500,521500,364500,6860_7165,4.03E-11,4.74E-06
608,355500,198500,326500,240500,7819_7926,4.00E-11,4.71E-06
609,471500,263500,452500,315500,7256_7721,4.00E-11,4.70E-06
610,350500,156500,362500,172500,7988_8247,3.98E-11,4.68E-06
611,315500,139500,340500,155500,8260_8687,3.98E-11,4.68E-06
612,356500,199500,399500,225500,7861_7922,3.97E-11,4.67E-06
613,579500,342500,522500,362500,6899_7068,3.96E-11,4.66E-06
614,350500,154500,362500,172500,7988_8284,3.96E-11,4.65E-06
615,312500,141500,340500,155500,8260_8622,3.96E-11,4.65E-06
616,351500,155500,355500,198500,7926_8266,3.94E-11,4.64E-06
617,566500,333500,521500,364500,6860_7109,3.94E-11,4.63E-06
618,564500,327500,521500,364500,6860_7130,3.91E-11,4.59E-06
619,349500,156500,355500,199500,7921_8246,3.90E-11,4.58E-06
620,495500,301500,472500,305500,7338_7351,3.88E-11,4.55E-06
621,344500,224500,326500,234500,7831_7863,3.87E-11,4.54E-06
622,326500,256500,323500,287500,7524_7758,3.86E-11,4.54E-06
623,313500,140500,341500,155500,8261_8655,3.85E-11,4.53E-06
624,328500,259500,320500,285500,7538_7737,3.85E-11,4.53E-06
625,346500,158500,362500,172500,7988_8198,3.85E-11,4.52E-06
626,567500,331500,521500,364500,6860_7112,3.84E-11,4.51E-06
627,363500,213500,326500,240500,7819_7880,3.83E-11,4.51E-06
628,472500,263500,452500,310500,7300_7722,3.82E-11,4.49E-06
629,313500,140500,338500,156500,8239_8655,3.81E-11,4.47E-06
630,383500,289500,408500,296500,7418_7512,3.80E-11,4.47E-06
631,313500,140500,339500,155500,8259_8655,3.80E-11,4.47E-06
632,454500,255500,453500,309500,7309_7764,3.80E-11,4.47E-06
633,487500,299500,472500,305500,7338_7369,3.78E-11,4.44E-06
634,398500,316500,392500,339500,7094_7229,3.72E-11,4.37E-06
635,579500,343500,522500,363500,6880_7062,3.69E-11,4.33E-06
636,314500,138500,341500,155500,8261_8706,3.68E-11,4.33E-06
637,314500,141500,338500,155500,8258_8624,3.66E-11,4.30E-06
638,325500,256500,323500,287500,7524_7757,3.64E-11,4.28E-06
639,314500,140500,341500,155500,8261_8656,3.64E-11,4.28E-06
640,493500,234500,454500,255500,7764_7833,3.63E-11,4.27E-06
641,568500,330500,522500,362500,6899_7117,3.62E-11,4.26E-06
642,355500,199500,325500,256500,7757_7921,3.62E-11,4.25E-06
643,314500,140500,339500,155500,8259_8656,3.57E-11,4.19E-06
644,314500,140500,338500,156500,8239_8656,3.54E-11,4.16E-06
645,568500,331500,520500,364500,6859_7113,3.54E-11,4.16E-06
646,314500,138500,339500,155500,8259_8706,3.53E-11,4.14E-06
647,312500,140500,340500,155500,8260_8654,3.52E-11,4.14E-06
648,354500,150500,363500,173500,7982_8360,3.52E-11,4.13E-06
649,384500,288500,409500,296500,7419_7522,3.51E-11,4.12E-06
650,454500,254500,452500,311500,7293_7768,3.49E-11,4.10E-06
651,328500,258500,320500,285500,7538_7742,3.48E-11,4.09E-06
652,344500,224500,328500,233500,7836_7863,3.48E-11,4.09E-06
653,325500,256500,339500,289500,7511_7757,3.46E-11,4.06E-06
654,362500,172500,363500,213500,7880_7988,3.43E-11,4.03E-06
655,349500,150500,355500,199500,7921_8358,3.43E-11,4.03E-06
656,327500,256500,334500,275500,7647_7759,3.40E-11,4.00E-06
657,356500,198500,327500,231500,7840_7927,3.39E-11,3.99E-06
658,314500,138500,338500,156500,8239_8706,3.39E-11,3.98E-06
659,569500,320500,521500,362500,6898_7183,3.39E-11,3.98E-06
660,398500,318500,393500,344500,7057_7196,3.38E-11,3.97E-06
661,353500,313500,361500,326500,7138_7273,3.38E-11,3.97E-06
662,343500,155500,363500,173500,7982_8263,3.37E-11,3.96E-06
663,383500,289500,409500,297500,7398_7512,3.35E-11,3.94E-06
664,313500,141500,343500,155500,8263_8623,3.35E-11,3.93E-06
665,315500,138500,340500,155500,8260_8707,3.33E-11,3.91E-06
666,341500,156500,355500,199500,7921_8242,3.32E-11,3.90E-06
667,341500,154500,355500,199500,7921_8281,3.32E-11,3.90E-06
668,569500,323500,522500,362500,6899_7159,3.31E-11,3.89E-06
669,317500,134500,338500,155500,8258_8792,3.31E-11,3.89E-06
670,471500,264500,472500,306500,7331_7719,3.29E-11,3.87E-06
671,492500,229500,471500,264500,7719_7850,3.28E-11,3.86E-06
672,312500,141500,338500,156500,8239_8622,3.27E-11,3.85E-06
673,341500,155500,362500,173500,7981_8261,3.27E-11,3.85E-06
674,454500,254500,453500,311500,7294_7768,3.27E-11,3.84E-06
675,315500,139500,341500,155500,8261_8687,3.26E-11,3.84E-06
676,314500,139500,340500,155500,8260_8686,3.25E-11,3.82E-06
677,340500,156500,355500,198500,7926_8241,3.24E-11,3.81E-06
678,325500,255500,320500,284500,7546_7762,3.23E-11,3.80E-06
679,519500,247500,472500,264500,7720_7784,3.22E-11,3.79E-06
680,313500,138500,340500,155500,8260_8705,3.22E-11,3.78E-06
681,311500,140500,338500,155500,8258_8653,3.21E-11,3.77E-06
682,316500,138500,338500,155500,8258_8708,3.21E-11,3.77E-06
683,312500,141500,339500,155500,8259_8622,3.19E-11,3.75E-06
684,312500,141500,341500,155500,8261_8622,3.18E-11,3.74E-06
685,313500,139500,340500,155500,8260_8685,3.17E-11,3.73E-06
686,401500,289500,383500,289500,7512_7515,3.15E-11,3.70E-06
687,315500,139500,339500,155500,8259_8687,3.14E-11,3.69E-06
688,336500,156500,356500,199500,7922_8238,3.10E-11,3.64E-06
689,363500,213500,325500,255500,7762_7880,3.08E-11,3.62E-06
690,345500,159500,356500,198500,7927_8170,3.07E-11,3.61E-06
691,315500,137500,338500,155500,8258_8725,3.06E-11,3.60E-06
692,579500,343500,521500,364500,6860_7062,3.06E-11,3.60E-06
693,350500,150500,355500,198500,7926_8359,3.05E-11,3.59E-06
694,330500,259500,334500,274500,7663_7739,3.05E-11,3.58E-06
695,355500,198500,325500,234500,7830_7926,3.04E-11,3.58E-06
696,454500,254500,427500,298500,7381_7768,3.04E-11,3.57E-06
697,397500,320500,393500,344500,7057_7178,3.03E-11,3.57E-06
698,315500,139500,338500,156500,8239_8687,3.03E-11,3.56E-06
699,325500,256500,318500,282500,7561_7757,3.01E-11,3.54E-06
700,363500,213500,327500,230500,7841_7880,3.01E-11,3.54E-06
701,343500,154500,356500,198500,7927_8283,2.99E-11,3.51E-06
702,317500,135500,338500,155500,8258_8772,2.98E-11,3.50E-06
703,383500,289500,408500,297500,7397_7512,2.98E-11,3.50E-06
704,567500,322500,522500,363500,6880_7164,2.96E-11,3.47E-06
705,326500,256500,318500,282500,7561_7758,2.95E-11,3.47E-06
706,355500,198500,399500,224500,7864_7926,2.95E-11,3.46E-06
707,492500,232500,471500,263500,7721_7839,2.94E-11,3.46E-06
708,471500,264500,449500,312500,7284_7719,2.93E-11,3.44E-06
709,326500,257500,320500,285500,7538_7749,2.92E-11,3.44E-06
710,326500,256500,340500,291500,7493_7758,2.91E-11,3.42E-06
711,356500,199500,325500,234500,7830_7922,2.91E-11,3.42E-06
712,363500,213500,325500,256500,7757_7880,2.91E-11,3.42E-06
713,566500,327500,522500,362500,6899_7131,2.88E-11,3.39E-06
714,471500,263500,449500,317500,7219_7721,2.88E-11,3.39E-06
715,312500,140500,338500,156500,8239_8654,2.85E-11,3.35E-06
716,312500,140500,341500,155500,8261_8654,2.85E-11,3.34E-06
717,568500,322500,520500,364500,6859_7165,2.84E-11,3.34E-06
718,454500,255500,452500,311500,7293_7764,2.84E-11,3.33E-06
719,312500,140500,339500,155500,8259_8654,2.83E-11,3.32E-06
720,327500,234500,326500,255500,7763_7832,2.82E-11,3.32E-06
721,345500,155500,356500,198500,7927_8264,2.81E-11,3.30E-06
722,399500,224500,399500,275500,7654_7864,2.80E-11,3.29E-06
723,399500,225500,381500,273500,7675_7861,2.80E-11,3.29E-06
724,568500,321500,521500,362500,6898_7173,2.79E-11,3.28E-06
725,325500,255500,322500,287500,7523_7762,2.79E-11,3.28E-06
726,567500,330500,520500,364500,6859_7116,2.78E-11,3.27E-06
727,472500,263500,453500,310500,7301_7722,2.78E-11,3.27E-06
728,383500,289500,401500,304500,7339_7512,2.77E-11,3.26E-06
729,315500,138500,341500,155500,8261_8707,2.75E-11,3.23E-06
730,348500,157500,363500,172500,7989_8222,2.74E-11,3.22E-06
731,564500,327500,520500,364500,6859_7130,2.74E-11,3.22E-06
732,472500,263500,487500,299500,7369_7722,2.73E-11,3.21E-06
733,400500,317500,392500,339500,7094_7213,2.73E-11,3.20E-06
734,491500,229500,472500,263500,7722_7849,2.73E-11,3.20E-06
735,384500,288500,408500,296500,7418_7522,2.72E-11,3.20E-06
736,313500,140500,343500,155500,8263_8655,2.71E-11,3.18E-06
737,495500,302500,471500,305500,7337_7344,2.70E-11,3.17E-06
738,578500,343500,520500,364500,6859_7061,2.70E-11,3.17E-06
739,315500,140500,340500,155500,8260_8657,2.70E-11,3.17E-06
740,326500,256500,341500,291500,7494_7758,2.69E-11,3.16E-06
741,326500,256500,339500,288500,7520_7758,2.69E-11,3.16E-06
742,566500,333500,520500,364500,6859_7109,2.69E-11,3.16E-06
743,325500,255500,322500,288500,7518_7762,2.68E-11,3.15E-06
744,326500,256500,348500,272500,7681_7758,2.68E-11,3.15E-06
745,491500,229500,454500,255500,7764_7849,2.66E-11,3.13E-06
746,454500,255500,453500,311500,7294_7764,2.66E-11,3.13E-06
747,314500,139500,341500,155500,8261_8686,2.66E-11,3.12E-06
748,314500,138500,343500,155500,8263_8706,2.66E-11,3.12E-06
749,329500,258500,334500,274500,7663_7743,2.65E-11,3.12E-06
750,313500,138500,341500,155500,8261_8705,2.64E-11,3.10E-06
751,347500,153500,355500,199500,7921_8304,2.63E-11,3.09E-06
752,567500,331500,520500,364500,6859_7112,2.63E-11,3.09E-06
753,472500,264500,444500,316500,7234_7720,2.62E-11,3.08E-06
754,329500,259500,320500,285500,7538_7738,2.62E-11,3.07E-06
755,315500,138500,339500,155500,8259_8707,2.61E-11,3.07E-06
756,351500,154500,356500,199500,7922_8285,2.61E-11,3.07E-06
757,471500,264500,452500,315500,7256_7719,2.59E-11,3.04E-06
758,313500,139500,341500,155500,8261_8685,2.58E-11,3.04E-06
759,314500,139500,339500,155500,8259_8686,2.58E-11,3.03E-06
760,471500,264500,446500,315500,7254_7719,2.58E-11,3.03E-06
761,314500,140500,343500,155500,8263_8656,2.57E-11,3.02E-06
762,315500,136500,340500,155500,8260_8747,2.57E-11,3.02E-06
763,325500,237500,325500,255500,7762_7823,2.55E-11,2.99E-06
764,313500,138500,339500,155500,8259_8705,2.55E-11,2.99E-06
765,384500,288500,401500,289500,7515_7522,2.55E-11,2.99E-06
766,313500,139500,339500,155500,8259_8685,2.52E-11,2.96E-06
767,313500,142500,338500,155500,8258_8587,2.52E-11,2.96E-06
768,314500,139500,338500,156500,8239_8686,2.51E-11,2.95E-06
769,356500,198500,327500,232500,7837_7927,2.51E-11,2.95E-06
770,355500,198500,399500,225500,7861_7926,2.50E-11,2.94E-06
771,399500,321500,392500,339500,7094_7170,2.49E-11,2.92E-06
772,313500,139500,338500,156500,8239_8685,2.49E-11,2.92E-06
773,315500,138500,338500,156500,8239_8707,2.48E-11,2.92E-06
774,471500,263500,447500,314500,7266_7721,2.48E-11,2.91E-06
775,313500,138500,338500,156500,8239_8705,2.47E-11,2.91E-06
776,399500,225500,381500,275500,7653_7861,2.46E-11,2.89E-06
777,363500,213500,326500,233500,7834_7880,2.45E-11,2.88E-06
778,347500,157500,363500,172500,7989_8221,2.44E-11,2.86E-06
779,396500,167500,355500,198500,7926_8019,2.43E-11,2.85E-06
780,492500,230500,472500,263500,7722_7845,2.41E-11,2.84E-06
781,328500,257500,334500,274500,7663_7750,2.40E-11,2.82E-06
782,345500,158500,356500,198500,7927_8197,2.39E-11,2.81E-06
783,396500,167500,356500,199500,7922_8019,2.39E-11,2.81E-06
784,397500,319500,393500,344500,7057_7189,2.38E-11,2.80E-06
785,344500,224500,329500,228500,7851_7863,2.38E-11,2.80E-06
786,349500,156500,355500,198500,7926_8246,2.37E-11,2.79E-06
787,383500,289500,402500,309500,7306_7512,2.37E-11,2.78E-06
788,384500,288500,409500,297500,7398_7522,2.37E-11,2.78E-06
789,325500,237500,326500,256500,7758_7823,2.35E-11,2.77E-06
790,568500,331500,520500,363500,6878_7113,2.35E-11,2.76E-06
791,315500,139500,343500,155500,8263_8687,2.35E-11,2.76E-06
792,342500,155500,356500,198500,7927_8262,2.35E-11,2.76E-06
793,472500,263500,472500,305500,7338_7722,2.34E-11,2.76E-06
794,567500,327500,522500,363500,6880_7132,2.34E-11,2.75E-06
795,351500,155500,356500,199500,7922_8266,2.33E-11,2.74E-06
796,454500,255500,427500,298500,7381_7764,2.33E-11,2.74E-06
797,567500,322500,521500,364500,6860_7164,2.32E-11,2.73E-06
798,326500,234500,325500,255500,7762_7831,2.32E-11,2.73E-06
799,471500,263500,454500,310500,7302_7721,2.30E-11,2.70E-06
800,400500,289500,383500,289500,7512_7514,2.29E-11,2.69E-06
801,578500,342500,522500,363500,6880_7067,2.29E-11,2.69E-06
802,397500,317500,392500,339500,7094_7210,2.29E-11,2.69E-06
803,356500,198500,327500,230500,7841_7927,2.28E-11,2.69E-06
804,325500,256500,340500,291500,7493_7757,2.28E-11,2.68E-06
805,341500,155500,362500,172500,7988_8261,2.28E-11,2.68E-06
806,350500,156500,363500,173500,7982_8247,2.25E-11,2.65E-06
807,350500,154500,363500,173500,7982_8284,2.25E-11,2.64E-06
808,568500,331500,522500,361500,6918_7113,2.24E-11,2.64E-06
809,312500,142500,340500,155500,8260_8586,2.24E-11,2.63E-06
810,397500,318500,393500,344500,7057_7195,2.23E-11,2.62E-06
811,326500,255500,318500,283500,7554_7763,2.22E-11,2.61E-06
812,313500,141500,336500,156500,8238_8623,2.21E-11,2.59E-06
813,312500,141500,343500,155500,8263_8622,2.20E-11,2.59E-06
814,315500,140500,341500,155500,8261_8657,2.20E-11,2.59E-06
815,398500,317500,393500,344500,7057_7211,2.20E-11,2.58E-06
816,326500,234500,326500,256500,7758_7831,2.19E-11,2.57E-06
817,471500,263500,450500,314500,7267_7721,2.18E-11,2.57E-06
818,398500,319500,392500,339500,7094_7190,2.18E-11,2.56E-06
819,312500,139500,340500,155500,8260_8684,2.18E-11,2.56E-06
820,325500,237500,325500,256500,7757_7823,2.17E-11,2.55E-06
821,326500,256500,333500,293500,7462_7758,2.17E-11,2.55E-06
822,346500,158500,363500,173500,7982_8198,2.17E-11,2.55E-06
823,491500,230500,471500,264500,7719_7844,2.15E-11,2.53E-06
824,316500,135500,340500,155500,8260_8771,2.15E-11,2.53E-06
825,567500,335500,522500,362500,6899_7105,2.15E-11,2.52E-06
826,315500,136500,341500,155500,8261_8747,2.15E-11,2.52E-06
827,315500,140500,339500,155500,8259_8657,2.14E-11,2.52E-06
828,484500,297500,471500,305500,7337_7401,2.13E-11,2.51E-06
829,399500,320500,392500,339500,7094_7180,2.13E-11,2.50E-06
830,355500,199500,324500,236500,7826_7921,2.11E-11,2.48E-06
831,325500,256500,339500,288500,7520_7757,2.10E-11,2.47E-06
832,315500,140500,338500,156500,8239_8657,2.10E-11,2.47E-06
833,496500,302500,471500,305500,7337_7345,2.10E-11,2.47E-06
834,325500,256500,341500,291500,7494_7757,2.09E-11,2.46E-06
835,340500,155500,362500,173500,7981_8260,2.09E-11,2.46E-06
836,349500,150500,355500,198500,7926_8358,2.09E-11,2.46E-06
837,384500,288500,408500,297500,7397_7522,2.09E-11,2.46E-06
838,399500,318500,392500,339500,7094_7197,2.06E-11,2.42E-06
839,570500,320500,522500,363500,6880_7184,2.06E-11,2.42E-06
840,568500,329500,522500,364500,6861_7122,2.05E-11,2.41E-06
841,326500,235500,326500,255500,7763_7828,2.03E-11,2.39E-06
842,570500,319500,522500,362500,6899_7192,2.01E-11,2.36E-06
843,315500,138500,343500,155500,8263_8707,2.00E-11,2.35E-06
844,579500,343500,520500,364500,6859_7062,2.00E-11,2.35E-06
845,312500,140500,343500,155500,8263_8654,1.99E-11,2.34E-06
846,341500,154500,355500,198500,7926_8281,1.99E-11,2.34E-06
847,315500,136500,339500,155500,8259_8747,1.99E-11,2.34E-06
848,341500,156500,355500,198500,7926_8242,1.99E-11,2.33E-06
849,383500,289500,396500,311500,7289_7512,1.99E-11,2.33E-06
850,326500,234500,325500,256500,7757_7831,1.98E-11,2.33E-06
851,353500,313500,362500,326500,7139_7273,1.98E-11,2.32E-06
852,472500,263500,487500,298500,7382_7722,1.97E-11,2.32E-06
853,568500,322500,520500,363500,6878_7165,1.96E-11,2.30E-06
854,327500,259500,318500,283500,7554_7736,1.95E-11,2.30E-06
855,384500,289500,409500,296500,7419_7513,1.95E-11,2.29E-06
856,567500,321500,522500,362500,6899_7172,1.94E-11,2.28E-06
857,334500,274500,339500,289500,7511_7663,1.94E-11,2.28E-06
858,569500,322500,522500,363500,6880_7166,1.93E-11,2.27E-06
859,398500,318500,392500,344500,7056_7196,1.93E-11,2.26E-06
860,325500,255500,323500,287500,7524_7762,1.92E-11,2.26E-06
861,330500,259500,334500,275500,7647_7739,1.91E-11,2.24E-06
862,313500,141500,339500,156500,8240_8623,1.91E-11,2.24E-06
863,568500,322500,522500,361500,6918_7165,1.91E-11,2.24E-06
864,314500,139500,343500,155500,8263_8686,1.90E-11,2.23E-06
865,312500,142500,338500,156500,8239_8586,1.89E-11,2.23E-06
866,578500,342500,521500,364500,6860_7067,1.89E-11,2.22E-06
867,313500,138500,343500,155500,8263_8705,1.89E-11,2.22E-06
868,325500,255500,339500,289500,7511_7762,1.88E-11,2.21E-06
869,564500,327500,520500,363500,6878_7130,1.88E-11,2.21E-06
870,491500,228500,454500,255500,7764_7853,1.88E-11,2.21E-06
871,567500,330500,520500,363500,6878_7116,1.86E-11,2.19E-06
872,399500,225500,382500,271500,7686_7861,1.86E-11,2.18E-06
873,471500,264500,449500,317500,7219_7719,1.85E-11,2.18E-06
874,384500,288500,400500,289500,7514_7522,1.85E-11,2.18E-06
875,395500,167500,355500,199500,7921_8018,1.85E-11,2.17E-06
876,567500,327500,521500,364500,6860_7132,1.85E-11,2.17E-06
877,399500,224500,381500,273500,7675_7864,1.84E-11,2.17E-06
878,326500,256500,340500,290500,7502_7758,1.84E-11,2.16E-06
879,315500,136500,338500,156500,8239_8747,1.84E-11,2.16E-06
880,492500,230500,454500,255500,7764_7845,1.83E-11,2.16E-06
881,313500,139500,343500,155500,8263_8685,1.83E-11,2.16E-06
882,325500,256500,333500,293500,7462_7757,1.83E-11,2.15E-06
883,564500,327500,522500,361500,6918_7130,1.82E-11,2.14E-06
884,312500,142500,339500,155500,8259_8586,1.82E-11,2.13E-06
885,316500,135500,341500,155500,8261_8771,1.82E-11,2.13E-06
886,399500,225500,380500,275500,7652_7861,1.81E-11,2.13E-06
887,454500,254500,409500,296500,7419_7768,1.81E-11,2.12E-06
888,350500,150500,356500,199500,7922_8359,1.80E-11,2.11E-06
889,312500,142500,341500,155500,8261_8586,1.79E-11,2.11E-06
890,567500,330500,522500,361500,6918_7116,1.79E-11,2.10E-06
891,566500,333500,520500,363500,6878_7109,1.78E-11,2.09E-06
892,340500,156500,356500,199500,7922_8241,1.78E-11,2.09E-06
893,326500,256500,341500,292500,7479_7758,1.77E-11,2.08E-06
894,383500,289500,403500,308500,7314_7512,1.77E-11,2.08E-06
895,312500,139500,341500,155500,8261_8684,1.77E-11,2.08E-06
896,325500,256500,348500,272500,7681_7757,1.77E-11,2.08E-06
897,317500,134500,340500,155500,8260_8792,1.76E-11,2.07E-06
898,334500,275500,339500,289500,7511_7647,1.76E-11,2.07E-06
899,316500,139500,338500,155500,8258_8688,1.76E-11,2.07E-06
900,567500,331500,520500,363500,6878_7112,1.75E-11,2.06E-06
901,344500,224500,327500,233500,7835_7863,1.75E-11,2.06E-06
902,397500,320500,392500,344500,7056_7178,1.75E-11,2.05E-06
903,312500,139500,339500,155500,8259_8684,1.74E-11,2.04E-06
904,314500,141500,340500,155500,8260_8624,1.73E-11,2.04E-06
905,312500,139500,338500,156500,8239_8684,1.73E-11,2.03E-06
906,472500,263500,453500,309500,7309_7722,1.73E-11,2.03E-06
907,472500,264500,445500,316500,7235_7720,1.73E-11,2.03E-06
908,346500,156500,362500,173500,7981_8243,1.72E-11,2.03E-06
909,568500,331500,521500,363500,6879_7113,1.71E-11,2.01E-06
910,491500,228500,472500,263500,7722_7853,1.71E-11,2.01E-06
911,313500,140500,336500,156500,8238_8655,1.70E-11,2.00E-06
912,566500,333500,522500,361500,6918_7109,1.70E-11,1.99E-06
913,568500,323500,522500,363500,6880_7158,1.69E-11,1.99E-06
914,354500,313500,362500,325500,7146_7274,1.69E-11,1.98E-06
915,567500,331500,522500,361500,6918_7112,1.68E-11,1.97E-06
916,579500,342500,521500,362500,6898_7068,1.68E-11,1.97E-06
917,336500,156500,356500,198500,7927_8238,1.68E-11,1.97E-06
918,329500,258500,334500,275500,7647_7743,1.67E-11,1.96E-06
919,316500,135500,339500,155500,8259_8771,1.65E-11,1.93E-06
920,567500,322500,520500,364500,6859_7164,1.64E-11,1.93E-06
921,578500,343500,520500,363500,6878_7061,1.64E-11,1.93E-06
922,383500,289500,409500,298500,7379_7512,1.63E-11,1.91E-06
923,328500,259500,318500,283500,7554_7737,1.62E-11,1.91E-06
924,326500,256500,360500,276500,7637_7758,1.62E-11,1.91E-06
925,326500,256500,338500,288500,7519_7758,1.62E-11,1.90E-06
926,399500,224500,381500,275500,7653_7864,1.62E-11,1.90E-06
927,570500,320500,521500,364500,6860_7184,1.62E-11,1.90E-06
928,487500,298500,472500,305500,7338_7382,1.61E-11,1.90E-06
929,325500,255500,318500,282500,7561_7762,1.61E-11,1.89E-06
930,568500,330500,521500,362500,6898_7117,1.61E-11,1.89E-06
931,316500,138500,340500,155500,8260_8708,1.61E-11,1.89E-06
932,347500,153500,355500,198500,7926_8304,1.60E-11,1.88E-06
933,315500,136500,343500,155500,8263_8747,1.59E-11,1.87E-06
934,454500,254500,452500,309500,7308_7768,1.58E-11,1.86E-06
935,314500,137500,338500,155500,8258_8724,1.58E-11,1.86E-06
936,328500,239500,325500,255500,7762_7820,1.58E-11,1.86E-06
937,471500,264500,447500,314500,7266_7719,1.58E-11,1.86E-06
938,474500,98500,484500,121500,9053_9673,1.58E-11,1.85E-06
939,384500,288500,401500,304500,7339_7522,1.57E-11,1.85E-06
940,328500,239500,326500,256500,7758_7820,1.57E-11,1.85E-06
941,326500,256500,342500,291500,7495_7758,1.57E-11,1.85E-06
942,317500,135500,340500,155500,8260_8772,1.57E-11,1.84E-06
943,314500,140500,336500,156500,8238_8656,1.56E-11,1.84E-06
944,315500,140500,343500,155500,8263_8657,1.56E-11,1.84E-06
945,383500,289500,409500,295500,7438_7512,1.55E-11,1.83E-06
946,383500,289500,404500,306500,7328_7512,1.55E-11,1.82E-06
947,311500,141500,338500,155500,8258_8621,1.55E-11,1.82E-06
948,495500,301500,471500,305500,7337_7351,1.54E-11,1.81E-06
949,316500,134500,338500,155500,8258_8791,1.54E-11,1.81E-06
950,487500,299500,471500,305500,7337_7369,1.54E-11,1.81E-06
951,315500,137500,340500,155500,8260_8725,1.54E-11,1.81E-06
952,384500,289500,408500,296500,7418_7513,1.52E-11,1.79E-06
953,569500,322500,521500,364500,6860_7166,1.52E-11,1.79E-06
954,519500,247500,496500,302500,7345_7784,1.52E-11,1.79E-06
955,328500,257500,334500,275500,7647_7750,1.52E-11,1.78E-06
956,326500,255500,321500,285500,7539_7763,1.51E-11,1.78E-06
957,311500,140500,340500,155500,8260_8653,1.51E-11,1.77E-06
958,317500,134500,341500,155500,8261_8792,1.51E-11,1.77E-06
959,356500,198500,329500,238500,7821_7927,1.50E-11,1.76E-06
960,569500,323500,521500,362500,6898_7159,1.50E-11,1.76E-06
961,383500,289500,402500,310500,7296_7512,1.50E-11,1.76E-06
962,313500,140500,339500,156500,8240_8655,1.50E-11,1.76E-06
963,312500,141500,336500,156500,8238_8622,1.49E-11,1.75E-06
964,568500,318500,522500,363500,6880_7203,1.49E-11,1.75E-06
965,328500,258500,318500,283500,7554_7742,1.49E-11,1.75E-06
966,356500,199500,326500,256500,7758_7922,1.49E-11,1.75E-06
967,471500,264500,454500,310500,7302_7719,1.49E-11,1.75E-06
968,316500,135500,338500,156500,8239_8771,1.48E-11,1.74E-06
969,326500,256500,339500,290500,7501_7758,1.47E-11,1.73E-06
970,313500,141500,347500,157500,8221_8623,1.47E-11,1.73E-06
971,327500,259500,321500,285500,7539_7736,1.46E-11,1.72E-06
972,351500,154500,356500,198500,7927_8285,1.46E-11,1.72E-06
973,314500,138500,336500,156500,8238_8706,1.46E-11,1.71E-06
974,311500,139500,338500,155500,8258_8683,1.46E-11,1.71E-06
975,327500,256500,320500,285500,7538_7759,1.45E-11,1.70E-06
976,340500,155500,362500,172500,7988_8260,1.44E-11,1.70E-06
977,348500,157500,366500,174500,7978_8222,1.44E-11,1.70E-06
978,389500,293500,409500,296500,7419_7470,1.44E-11,1.70E-06
979,398500,316500,393500,344500,7057_7229,1.44E-11,1.70E-06
980,325500,256500,340500,290500,7502_7757,1.44E-11,1.69E-06
981,356500,198500,399500,224500,7864_7927,1.43E-11,1.69E-06
982,356500,198500,326500,233500,7834_7927,1.43E-11,1.68E-06
983,363500,213500,325500,234500,7830_7880,1.42E-11,1.67E-06
984,578500,343500,522500,361500,6918_7061,1.42E-11,1.67E-06
985,472500,264500,443500,317500,7216_7720,1.41E-11,1.66E-06
986,355500,199500,326500,255500,7763_7921,1.41E-11,1.66E-06
987,471500,263500,496500,303500,7342_7721,1.40E-11,1.65E-06
988,471500,264500,450500,314500,7267_7719,1.40E-11,1.65E-06
989,314500,141500,341500,155500,8261_8624,1.40E-11,1.65E-06
990,314500,141500,338500,156500,8239_8624,1.40E-11,1.65E-06
991,314500,140500,339500,156500,8240_8656,1.40E-11,1.64E-06
992,314500,141500,339500,155500,8259_8624,1.39E-11,1.63E-06
993,568500,322500,521500,363500,6879_7165,1.39E-11,1.63E-06
994,325500,256500,341500,292500,7479_7757,1.38E-11,1.63E-06
995,383500,288500,409500,296500,7419_7521,1.38E-11,1.62E-06
996,349500,156500,356500,199500,7922_8246,1.38E-11,1.62E-06
997,316500,135500,343500,155500,8263_8771,1.38E-11,1.62E-06
998,397500,319500,392500,344500,7056_7189,1.38E-11,1.62E-06
999,472500,263500,471500,305500,7337_7722,1.37E-11,1.61E-06
1000,355500,198500,326500,256500,7758_7926,1.36E-11,1.60E-06
1001,327500,259500,323500,286500,7531_7736,1.36E-11,1.60E-06
1002,383500,289500,402500,304500,7340_7512,1.36E-11,1.60E-06
1003,328500,239500,325500,256500,7757_7820,1.36E-11,1.59E-06
1004,314500,138500,339500,156500,8240_8706,1.35E-11,1.59E-06
1005,326500,257500,318500,283500,7554_7749,1.35E-11,1.59E-06
1006,567500,330500,521500,363500,6879_7116,1.35E-11,1.59E-06
1007,502500,237500,472500,263500,7722_7824,1.34E-11,1.58E-06
1008,326500,255500,323500,286500,7531_7763,1.34E-11,1.57E-06
1009,384500,289500,409500,297500,7398_7513,1.34E-11,1.57E-06
1010,564500,327500,521500,363500,6879_7130,1.34E-11,1.57E-06
1011,317500,134500,339500,155500,8259_8792,1.34E-11,1.57E-06
1012,317500,135500,341500,155500,8261_8772,1.33E-11,1.57E-06
1013,316500,138500,341500,155500,8261_8708,1.33E-11,1.56E-06
1014,568500,323500,521500,364500,6860_7158,1.33E-11,1.56E-06
1015,326500,240500,325500,255500,7762_7819,1.31E-11,1.54E-06
1016,315500,139500,336500,156500,8238_8687,1.31E-11,1.54E-06
1017,471500,263500,447500,315500,7255_7721,1.31E-11,1.54E-06
1018,351500,155500,356500,198500,7927_8266,1.31E-11,1.54E-06
1019,566500,333500,521500,363500,6879_7109,1.30E-11,1.53E-06
1020,566500,327500,521500,362500,6898_7131,1.30E-11,1.53E-06
1021,315500,135500,338500,155500,8258_8770,1.30E-11,1.52E-06
1022,454500,255500,409500,296500,7419_7764,1.29E-11,1.52E-06
1023,397500,318500,392500,344500,7056_7195,1.29E-11,1.52E-06
1024,454500,255500,452500,309500,7308_7764,1.29E-11,1.51E-06
1025,334500,274500,340500,291500,7493_7663,1.29E-11,1.51E-06
1026,312500,140500,336500,156500,8238_8654,1.28E-11,1.51E-06
1027,341500,155500,363500,173500,7982_8261,1.28E-11,1.51E-06
1028,567500,327500,520500,364500,6859_7132,1.28E-11,1.51E-06
1029,472500,263500,453500,311500,7294_7722,1.28E-11,1.51E-06
1030,325500,256500,338500,288500,7519_7757,1.28E-11,1.50E-06
1031,328500,259500,321500,285500,7539_7737,1.28E-11,1.50E-06
1032,401500,289500,384500,289500,7513_7515,1.28E-11,1.50E-06
1033,315500,137500,341500,155500,8261_8725,1.28E-11,1.50E-06
1034,312500,141500,339500,156500,8240_8622,1.28E-11,1.50E-06
1035,569500,320500,522500,363500,6880_7183,1.27E-11,1.50E-06
1036,567500,331500,521500,363500,6879_7112,1.27E-11,1.50E-06
1037,347500,157500,366500,174500,7978_8221,1.27E-11,1.50E-06
1038,329500,257500,334500,274500,7663_7751,1.27E-11,1.49E-06
1039,384500,288500,402500,309500,7306_7522,1.26E-11,1.48E-06
1040,398500,317500,392500,344500,7056_7211,1.26E-11,1.48E-06
1041,356500,199500,325500,255500,7762_7922,1.26E-11,1.48E-06
1042,316500,138500,339500,155500,8259_8708,1.25E-11,1.47E-06
1043,578500,343500,521500,363500,6879_7061,1.25E-11,1.47E-06
1044,312500,139500,343500,155500,8263_8684,1.25E-11,1.47E-06
1045,325500,255500,340500,291500,7493_7762,1.24E-11,1.46E-06
1046,326500,240500,326500,256500,7758_7819,1.24E-11,1.46E-06
1047,342500,154500,355500,199500,7921_8282,1.24E-11,1.46E-06
1048,311500,140500,338500,156500,8239_8653,1.24E-11,1.45E-06
1049,578500,342500,520500,364500,6859_7067,1.24E-11,1.45E-06
1050,346500,156500,362500,172500,7988_8243,1.24E-11,1.45E-06
1051,312500,142500,343500,155500,8263_8586,1.23E-11,1.45E-06
1052,471500,263500,445500,315500,7253_7721,1.23E-11,1.45E-06
1053,328500,259500,323500,286500,7531_7737,1.23E-11,1.44E-06
1054,399500,224500,382500,271500,7686_7864,1.22E-11,1.44E-06
1055,349500,150500,356500,199500,7922_8358,1.22E-11,1.44E-06
1056,344500,224500,327500,235500,7829_7863,1.22E-11,1.43E-06
1057,311500,140500,341500,155500,8261_8653,1.22E-11,1.43E-06
1058,311500,140500,339500,155500,8259_8653,1.21E-11,1.43E-06
1059,356500,198500,399500,225500,7861_7927,1.21E-11,1.42E-06
1060,325500,256500,342500,291500,7495_7757,1.21E-11,1.42E-06
1061,315500,139500,339500,156500,8240_8687,1.21E-11,1.42E-06
1062,579500,343500,520500,363500,6878_7062,1.21E-11,1.42E-06
1063,312500,138500,338500,155500,8258_8704,1.21E-11,1.42E-06
1064,334500,274500,341500,291500,7494_7663,1.20E-11,1.41E-06
1065,315500,137500,339500,155500,8259_8725,1.20E-11,1.41E-06
1066,317500,135500,339500,155500,8259_8772,1.19E-11,1.40E-06
1067,399500,224500,380500,275500,7652_7864,1.19E-11,1.40E-06
1068,334500,274500,339500,288500,7520_7663,1.19E-11,1.40E-06
1069,472500,263500,452500,311500,7293_7722,1.19E-11,1.40E-06
1070,313500,140500,347500,157500,8221_8655,1.19E-11,1.39E-06
1071,384500,289500,408500,297500,7397_7513,1.19E-11,1.39E-06
1072,582500,332500,522500,362500,6899_7111,1.19E-11,1.39E-06
1073,398500,318500,385500,340500,7087_7196,1.19E-11,1.39E-06
1074,316500,138500,338500,156500,8239_8708,1.18E-11,1.38E-06
1075,338500,155500,362500,173500,7981_8258,1.17E-11,1.38E-06
1076,313500,142500,340500,155500,8260_8587,1.17E-11,1.38E-06
1077,568500,318500,521500,364500,6860_7203,1.17E-11,1.38E-06
1078,334500,275500,340500,291500,7493_7647,1.17E-11,1.37E-06
1079,314500,138500,347500,157500,8221_8706,1.17E-11,1.37E-06
1080,317500,134500,338500,156500,8239_8792,1.17E-11,1.37E-06
1081,317500,134500,343500,155500,8263_8792,1.17E-11,1.37E-06
1082,355500,198500,325500,255500,7762_7926,1.17E-11,1.37E-06
1083,363500,213500,326500,255500,7763_7880,1.16E-11,1.37E-06
1084,325500,256500,339500,290500,7501_7757,1.16E-11,1.36E-06
1085,362500,173500,331500,225500,7860_7981,1.16E-11,1.36E-06
1086,328500,258500,321500,285500,7539_7742,1.15E-11,1.35E-06
1087,396500,167500,356500,198500,7927_8019,1.15E-11,1.35E-06
1088,362500,172500,362500,173500,7981_7988,1.15E-11,1.35E-06
1089,325500,255500,339500,288500,7520_7762,1.15E-11,1.35E-06
1090,507500,238500,471500,263500,7721_7822,1.14E-11,1.34E-06
1091,400500,317500,393500,344500,7057_7213,1.14E-11,1.34E-06
1092,325500,255500,341500,291500,7494_7762,1.14E-11,1.34E-06
1093,399500,275500,409500,296500,7419_7654,1.14E-11,1.34E-06
1094,570500,320500,520500,364500,6859_7184,1.14E-11,1.34E-06
1095,389500,293500,408500,296500,7418_7470,1.14E-11,1.34E-06
1096,384500,288500,409500,295500,7438_7522,1.14E-11,1.34E-06
1097,383500,289500,401500,312500,7282_7512,1.14E-11,1.34E-06
1098,567500,322500,520500,363500,6878_7164,1.14E-11,1.33E-06
1099,396500,167500,399500,224500,7864_8019,1.13E-11,1.33E-06
1100,326500,256500,341500,293500,7464_7758,1.13E-11,1.33E-06
1101,384500,288500,409500,298500,7379_7522,1.13E-11,1.33E-06
1102,351500,154500,362500,173500,7981_8285,1.13E-11,1.33E-06
1103,314500,140500,347500,157500,8221_8656,1.13E-11,1.32E-06
1104,400500,318500,392500,339500,7094_7198,1.13E-11,1.32E-06
1105,356500,199500,325500,256500,7757_7922,1.12E-11,1.32E-06
1106,519500,247500,495500,302500,7344_7784,1.12E-11,1.32E-06
1107,315500,137500,338500,156500,8239_8725,1.12E-11,1.32E-06
1108,326500,256500,359500,277500,7621_7758,1.12E-11,1.32E-06
1109,312500,140500,339500,156500,8240_8654,1.12E-11,1.31E-06
1110,326500,240500,325500,256500,7757_7819,1.12E-11,1.31E-06
1111,567500,322500,522500,361500,6918_7164,1.11E-11,1.30E-06
1112,383500,289500,410500,295500,7439_7512,1.11E-11,1.30E-06
