"","xm","ym","cover","x","y","progress","flow","std_flow","conductance"
"1",545625,106875,0.0199999995529652,545.625,106.875,0.914466643930397,0.00692504674678652,0.0103109975453726,27.9245780275436
"2",545875,106875,0.189999997615814,545.875,106.875,0.906447610461261,0.0675785109211109,0.100620528020385,27.9245780275436
"3",544375,106625,0.109999999403954,544.375,106.625,0.947974915696627,0.033623960297551,0.0500641489899885,27.9245780275436
"4",544625,106625,0.0199999995529652,544.625,106.625,0.942559715665527,0.00645029084778425,0.0096041132327815,27.9245780275436
"5",545375,106625,0.230000004172325,545.375,106.625,0.922978110545159,0.0839157434077105,0.124945730466951,27.9245780275436
"6",545625,106625,0.340000003576279,545.625,106.625,0.915333441412687,0.128107930973478,0.190745363910108,27.9245780275436
"7",545875,106625,0.28999999165535,545.875,106.625,0.907086320338516,0.112272519169837,0.167167343687634,27.9245780275436
"8",546375,106625,0.150000005960464,546.375,106.625,0.888668892606155,0.0605207258289937,0.0901118906896184,27.9245780275436
"9",548625,106625,0.319999992847443,548.625,106.625,0.785344316815142,0.121068791963419,0.180264489526416,27.9245780275436
"10",548875,106625,0.0599999986588955,548.875,106.625,0.773534626254768,0.0223100107209174,0.0332183267769799,27.9245780275436
"11",544125,106375,0.0900000035762787,544.125,106.375,0.954493332173039,0.0279779038151832,0.0416574946150206,27.9245780275436
"12",544375,106375,0.259999990463257,544.375,106.375,0.94954351456414,0.0856389692197932,0.127511514896746,27.9245780275436
"13",544875,106375,0.150000005960464,544.875,106.375,0.937949793136072,0.0546713171134261,0.0814024564989991,27.9245780275436
"14",545125,106375,0.740000009536743,545.125,106.375,0.931286735813811,0.281129156245261,0.418585194579759,27.9245780275436
"15",545375,106375,0.990000009536743,545.375,106.375,0.924043859269239,0.389886184767561,0.580518174260485,27.9245780275436
"16",545625,106375,0.550000011920929,545.625,106.375,0.916186123587961,0.223895956831893,0.333368242226491,27.9245780275436
"17",545875,106375,0.889999985694885,545.875,106.375,0.907682140326108,0.37248576092134,0.554609940839522,27.9245780275436
"18",546125,106375,0.569999992847443,546.125,106.375,0.898517937355908,0.244292995569085,0.363738263403554,27.9245780275436
"19",546375,106375,0.629999995231628,546.375,106.375,0.888693890025459,0.274840355667358,0.409221531099483,27.9245780275436
"20",546625,106375,0.109999999403954,546.625,106.375,0.878214572095945,0.0486846580111409,0.0724886643520668,27.9245780275436
"21",546875,106375,0.0199999995529652,546.875,106.375,0.867101141058938,0.00892557855513984,0.0132896747037532,27.9245780275436
"22",547125,106375,0.0299999993294477,547.125,106.375,0.855441910400747,0.0134265557179062,0.0199913716271131,27.9245780275436
"23",547625,106375,0.129999995231628,547.625,106.375,0.831077074351814,0.0573405246504825,0.0853767534776368,27.9245780275436
"24",547875,106375,0.200000002980232,547.875,106.375,0.818749134112752,0.0868239442983701,0.12927587484597,27.9245780275436
"25",548125,106375,0.389999985694885,548.125,106.375,0.806483512550911,0.166383520894934,0.247735522700148,27.9245780275436
"26",548375,106375,0.490000009536743,548.375,106.375,0.79432041771091,0.20541553665891,0.305851956198603,27.9245780275436
"27",548625,106375,0.970000028610229,548.625,106.375,0.782252351152432,0.399172293921502,0.594344658354153,27.9245780275436
"28",548875,106375,0.0599999986588955,548.875,106.375,0.770115460020393,0.024328720581439,0.0362240700127662,27.9245780275436
"29",544125,106125,0.280000001192093,544.125,106.125,0.955950240410914,0.0928991975088004,0.13832157854022,27.9245780275436
"30",544375,106125,0.550000011920929,544.375,106.125,0.950985228909649,0.193204130317013,0.287669872319489,27.9245780275436
"31",544625,106125,0.0700000002980232,544.625,106.125,0.945454097967146,0.0259638858676674,0.0386587373686803,27.9245780275436
"32",544875,106125,0.850000023841858,544.875,106.125,0.939307665798899,0.330819148436946,0.492570743883929,27.9245780275436
"33",545125,106125,0.639999985694885,545.125,106.125,0.932532578071444,0.260088509671385,0.387256878236342,27.9245780275436
"34",545375,106125,0.860000014305115,545.375,106.125,0.925117868987577,0.36265226960856,0.539968436096529,27.9245780275436
"35",545625,106125,0.810000002384186,545.625,106.125,0.917036232595443,0.353416310177134,0.526216622064257,27.9245780275436
"36",545875,106125,0.639999985694885,545.875,106.125,0.908255173659653,0.287383436506102,0.427897459287218,27.9245780275436
"37",546125,106125,0.800000011920929,546.125,106.125,0.898780638669527,0.367963297483441,0.547876252084446,27.9245780275436
"38",546375,106125,0.910000026226044,546.375,106.125,0.8886369156433,0.42611076648026,0.634454499426104,27.9245780275436
"39",546625,106125,0.899999976158142,546.625,106.125,0.877841686626859,0.427359730160653,0.636314134734525,27.9245780275436
"40",546875,106125,0.689999997615814,546.875,106.125,0.866420906849995,0.330189809405248,0.491633694150068,27.9245780275436
"41",547125,106125,0.639999985694885,547.125,106.125,0.854445822029012,0.307080273549622,0.457224920289786,27.9245780275436
"42",547375,106125,0.189999997615814,547.375,106.125,0.842032691236769,0.090918694989963,0.135372723845512,27.9245780275436
"43",547625,106125,0.879999995231628,547.625,106.125,0.829384432003598,0.416043094372199,0.619464312906136,27.9245780275436
"44",547875,106125,0.990000009536743,547.875,106.125,0.816688794940322,0.461221552411463,0.686732446534653,27.9245780275436
"45",548125,106125,1,548.125,106.125,0.804025484314802,0.45888242238739,0.683249616047233,27.9245780275436
"46",548375,106125,0.779999971389771,548.375,106.125,0.791424618271935,0.352785181283437,0.525276907328506,27.9245780275436
"47",548625,106125,1,548.625,106.125,0.778891612135042,0.445396848611713,0.66317036991601,27.9245780275436
"48",548875,106125,0.75,548.875,106.125,0.766323674805626,0.329611306039671,0.490772335808304,27.9245780275436
"49",549125,106125,0.0500000007450581,549.125,106.125,0.753514186542182,0.021663485030039,0.0322556870930297,27.9245780275436
"50",543625,105875,0.0399999991059303,543.625,105.875,0.96524413205617,0.0123543142302052,0.0183948655309106,27.9245780275436
"51",543875,105875,0.319999992847443,543.875,105.875,0.961508590796519,0.105414333928584,0.15695589909037,27.9245780275436
"52",544125,105875,0.46000000834465,544.125,105.875,0.957176289153291,0.160973056596853,0.239679651579463,27.9245780275436
"53",544375,105875,0.990000009536743,544.375,105.875,0.952293909207163,0.367059437498855,0.54653045639191,27.9245780275436
"54",544625,105875,0.689999997615814,544.625,105.875,0.9468025339325,0.270366721744909,0.402560546693179,27.9245780275436
"55",544875,105875,0.509999990463257,544.875,105.875,0.940638992260599,0.210074972053894,0.312789588344232,27.9245780275436
"56",545125,105875,0.0299999993294477,545.125,105.875,0.933774714457022,0.0129285178442011,0.0192498217891052,27.9245780275436
"57",545375,105875,0.349999994039536,545.375,105.875,0.926199857817712,0.156757813445879,0.233403396216563,27.9245780275436
"58",546125,105875,0.0900000035762787,546.125,105.875,0.899027040829002,0.0440953853071834,0.0656555004304645,27.9245780275436
"59",546375,105875,0.300000011920929,546.375,105.875,0.888535523737352,0.149666539388056,0.222844895736014,27.9245780275436
"60",546625,105875,0.349999994039536,546.625,105.875,0.877395846997427,0.176998919536585,0.263541242623701,27.9245780275436
"61",546875,105875,0.5,546.875,105.875,0.86565331908513,0.254634165251266,0.379135672129889,27.9245780275436
"62",547125,105875,0.319999992847443,547.125,105.875,0.853366976517353,0.163361187686984,0.243235441844675,27.9245780275436
"63",547375,105875,0.280000001192093,547.375,105.875,0.840638497771863,0.142461423504572,0.212116891304389,27.9245780275436
"64",547625,105875,0.28999999165535,547.625,105.875,0.827646358436164,0.145875834039121,0.217200752818677,27.9245780275436
"65",547875,105875,0.349999994039536,547.875,105.875,0.814551539633388,0.173754045645966,0.258709811451522,27.9245780275436
"66",548125,105875,0.389999985694885,548.125,105.875,0.801430857083582,0.191223746244068,0.284721193983923,27.9245780275436
"67",548375,105875,0.310000002384186,548.375,105.875,0.788312949394898,0.150284707725562,0.223765312946714,27.9245780275436
"68",548625,105875,0.670000016689301,548.625,105.875,0.775219492617288,0.321023379970503,0.477985406296222,27.9245780275436
"69",548875,105875,1,548.875,105.875,0.762120467798096,0.4734742043412,0.704975942729166,27.9245780275436
"70",549125,105875,0.740000009536743,549.125,105.875,0.748878120785496,0.345686832708523,0.514707873297638,27.9245780275436
"71",543625,105625,0.370000004768372,543.625,105.625,0.966000242313211,0.119068688227622,0.177286449743528,27.9245780275436
"72",543875,105625,1,543.875,105.625,0.962422830366143,0.34353509970835,0.511504066234043,27.9245780275436
"73",544125,105625,0.930000007152557,544.125,105.625,0.958258801866682,0.339797803232857,0.505939446066963,27.9245780275436
"74",544375,105625,0.649999976158142,544.375,105.625,0.953500247345005,0.252061148113669,0.375304597140789,27.9245780275436
"75",544625,105625,0.310000002384186,544.625,105.625,0.948075629682064,0.127250140168319,0.189468162584277,27.9245780275436
"76",544875,105625,0.00999999977648258,544.875,105.625,0.941915952061715,0.00432480664865416,0.00643938912891485,27.9245780275436
"77",545375,105625,0.100000001490116,545.375,105.625,0.92726839997736,0.0472256596808511,0.0703162994926813,27.9245780275436
"78",546875,105625,0.00999999977648258,546.875,105.625,0.864800495347741,0.00538402868928798,0.0080165100149288,27.9245780275436
"79",548375,105625,0.0399999991059303,548.375,105.625,0.784968509233804,0.0206459453147079,0.0307406287994569,27.9245780275436
"80",548875,105625,0.5,548.875,105.625,0.757545839670981,0.253498842306209,0.377445241360579,27.9245780275436
"81",549125,105625,0.990000009536743,549.125,105.625,0.743780657080475,0.495496348484488,0.737765652677429,27.9245780275436
"82",549375,105625,0.230000004172325,549.375,105.625,0.729790391445169,0.113550267447388,0.169069837610803,27.9245780275436
"83",543625,105375,0.660000026226044,543.625,105.375,0.966723598080047,0.219530213002637,0.32686789998287,27.9245780275436
"84",543875,105375,1,543.875,105.375,0.963285653696854,0.355510533762406,0.529334800906476,27.9245780275436
"85",544125,105375,1,544.125,105.375,0.959270540174461,0.378553152234278,0.563643938619182,27.9245780275436
"86",544375,105375,0.400000005960464,544.375,105.375,0.954632294089263,0.161023460144573,0.239754699572035,27.9245780275436
"87",545125,105375,0.0199999995529652,545.125,105.375,0.936146138304789,0.00947819720557758,0.0141124921888243,27.9245780275436
"88",545375,105375,0.25,545.375,105.375,0.928302064867826,0.123734779968393,0.184233992806381,27.9245780275436
"89",546875,105375,0.540000021457672,546.875,105.375,0.863859603903525,0.305676163956207,0.455134281612458,27.9245780275436
"90",548125,105375,0.0500000007450581,548.125,105.375,0.795692846577535,0.0274762030336516,0.0409104909172789,27.9245780275436
"91",548375,105375,0.00999999977648258,548.375,105.375,0.781425804388559,0.00546445675892758,0.00813626279912737,27.9245780275436
"92",548875,105375,0.0199999995529652,548.875,105.375,0.752694941746359,0.0107842957737258,0.0160571980691768,27.9245780275436
"93",549125,105375,0.740000009536743,549.125,105.375,0.73831666556853,0.394393232879276,0.58722891047874,27.9245780275436
"94",549375,105375,0.5,549.375,105.375,0.723844524096522,0.262926512123343,0.391482501165093,27.9245780275436
"95",549625,105375,0.100000001490116,549.625,105.375,0.709169927618623,0.0516171873328849,0.076855032370054,27.9245780275436
"96",543625,105125,0.800000011920929,543.625,105.125,0.967480107835824,0.273278156602341,0.406895506263296,27.9245780275436
"97",543875,105125,1,543.875,105.125,0.964150238314716,0.365615626880671,0.544380705165035,27.9245780275436
"98",544125,105125,0.910000026226044,544.125,105.125,0.960250493975113,0.354797187419052,0.528272669102277,27.9245780275436
"99",544375,105125,0.46000000834465,544.375,105.125,0.955711614693978,0.191116532120674,0.284561558301514,27.9245780275436
"100",545375,105125,0.00999999977648258,545.375,105.125,0.929292553478012,0.00516127417458544,0.00768484131458618,27.9245780275436
"101",546875,105125,0.0199999995529652,546.875,105.125,0.862819803548728,0.0118492601043258,0.0176428688957053,27.9245780275436
"102",547625,105125,0.140000000596046,547.625,105.125,0.821605163825924,0.0817536096807004,0.12172643731744,27.9245780275436
"103",547875,105125,0.0900000035762787,547.875,105.125,0.807239534579585,0.0521685437671857,0.0776759704876688,27.9245780275436
"104",549125,105125,0.140000000596046,549.125,105.125,0.732623290506929,0.0789406203159698,0.117538057441398,27.9245780275436
"105",549375,105125,0.589999973773956,549.375,105.125,0.717601953162,0.328117816440413,0.488548615427046,27.9245780275436
"106",549625,105125,0.400000005960464,549.625,105.125,0.702565603180883,0.218114402043158,0.324759838642394,27.9245780275436
"107",549875,105125,0.0199999995529652,549.875,105.125,0.687506778669708,0.010629464738539,0.0158266635353125,27.9245780275436
"108",543375,104875,0.140000000596046,543.375,104.875,0.970822678696849,0.0449936975962346,0.0669930359224354,27.9245780275436
"109",543625,104875,0.939999997615814,543.625,104.875,0.968257047093302,0.327698195113124,0.487923823330493,27.9245780275436
"110",543875,104875,1,543.875,104.875,0.965016943174462,0.373875040723811,0.556678498808428,27.9245780275436
"111",544125,104875,1,544.125,104.875,0.961216401533225,0.399559105047181,0.594920597941744,27.9245780275436
"112",544375,104875,0.579999983310699,544.375,104.875,0.956761144126833,0.247573150996198,0.368622226760638,27.9245780275436
"113",544875,104875,0.100000001490116,544.875,104.875,0.945399842556488,0.0483171347717204,0.0719414433212065,27.9245780275436
"114",545375,104875,0.0199999995529652,545.375,104.875,0.930240857033443,0.0107172451180928,0.0159573634874148,27.9245780275436
"115",545875,104875,0.0700000002980232,545.875,104.875,0.910909724189687,0.0405832804431719,0.0604261776610956,27.9245780275436
"116",547625,104875,0.159999996423721,547.625,104.875,0.819336600241134,0.0972495147718795,0.144798951511315,27.9245780275436
"117",548375,104875,0.100000001490116,548.375,104.875,0.773942644609579,0.0603903044155856,0.089917700683011,27.9245780275436
"118",548625,104875,0.0199999995529652,548.625,104.875,0.758272206226903,0.0120450487427645,0.0179343869524303,27.9245780275436
"119",549375,104875,0.0299999993294477,549.375,104.875,0.711231159467745,0.0175214800564538,0.0260884791770143,27.9245780275436
"120",549625,104875,0.699999988079071,549.625,104.875,0.695796850577843,0.400242832892756,0.595938629500982,27.9245780275436
"121",549875,104875,0.790000021457672,549.875,104.875,0.680547336952903,0.439815582968129,0.654860185385086,27.9245780275436
"122",550125,104875,0.129999995231628,550.125,104.875,0.665424955846904,0.0701911345730317,0.1045105748384,27.9245780275436
"123",550625,104875,0.0199999995529652,550.625,104.875,0.635129978773906,0.0100450456351313,0.0149564969991079,27.9245780275436
"124",550875,104875,0.00999999977648258,550.875,104.875,0.619674469025454,0.0048511073558797,0.00722302070553181,27.9245780275436
"125",543625,104625,0.850000023841858,543.625,104.625,0.968968570295933,0.300153343620187,0.446911118793425,27.9245780275436
"126",543875,104625,1,543.875,104.625,0.965864835790205,0.380140129550691,0.56600685685099,27.9245780275436
"127",544125,104625,0.920000016689301,544.125,104.625,0.962181377980806,0.375043998329998,0.558419009659655,27.9245780275436
"128",544375,104625,0.209999993443489,544.375,104.625,0.957809479065113,0.0917415715467974,0.136597939857462,27.9245780275436
"129",544875,104625,0.389999985694885,544.875,104.625,0.946493532980331,0.193906047319225,0.28871498649005,27.9245780275436
"130",545125,104625,0.360000014305115,545.125,104.625,0.939369031766101,0.189405291766093,0.28201361953073,27.9245780275436
"131",545375,104625,0.0299999993294477,545.375,104.625,0.931149781590962,0.0166235412436708,0.0247514997697927,27.9245780275436
"132",547375,104625,0.0199999995529652,547.375,104.625,0.8317746602315,0.0126954351150729,0.0189027749696705,27.9245780275436
"133",547625,104625,0.119999997317791,547.625,104.625,0.81698503601361,0.0755948226825753,0.112556356602879,27.9245780275436
"134",548375,104625,0.100000001490116,548.375,104.625,0.770070546535489,0.0630211865280391,0.0938349333018753,27.9245780275436
"135",548875,104625,0.129999995231628,548.875,104.625,0.737319850700429,0.0811675391289897,0.120853811869402,27.9245780275436
"136",549125,104625,0.200000002980232,549.125,104.625,0.720987699466291,0.123596008764932,0.184027370441136,27.9245780275436
"137",549375,104625,0.159999996423721,549.375,104.625,0.704852607043082,0.0973487792901894,0.14494675068756,27.9245780275436
"138",549625,104625,0.0500000007450581,549.625,104.625,0.689012308165028,0.0297762521217636,0.044335132131833,27.9245780275436
"139",549875,104625,0.850000023841858,549.875,104.625,0.673537373099676,0.492323071846839,0.73304082570976,27.9245780275436
"140",550125,104625,0.759999990463257,550.125,104.625,0.65837357036632,0.426835804471522,0.635534039423674,27.9245780275436
"141",550375,104625,0.0799999982118607,550.375,104.625,0.643366874915317,0.043409360029037,0.0646340481258553,27.9245780275436
"142",550625,104625,0.419999986886978,550.625,104.625,0.628377870434534,0.219356563577311,0.326609345945077,27.9245780275436
"143",551125,104625,0.0199999995529652,551.125,104.625,0.597392305069548,0.00992540884060059,0.0147783646716526,27.9245780275436
"144",543875,104375,0.270000010728836,543.875,104.375,0.966691648096734,0.103803011450436,0.154556732308616,27.9245780275436
"145",544125,104375,0.0900000035762787,544.125,104.375,0.963163883382576,0.0372834316233883,0.0555128919714824,27.9245780275436
"146",545125,104375,0.479999989271164,545.125,104.375,0.940394043118143,0.259545056076354,0.386447706993275,27.9245780275436
"147",546125,104375,0.00999999977648258,546.125,104.375,0.899679945179187,0.00640018103581293,0.00952950259589662,27.9245780275436
"148",547125,104375,0.00999999977648258,547.125,104.375,0.844530286369165,0.0065950435226036,0.0098196416659204,27.9245780275436
"149",547375,104375,0.769999980926514,547.375,104.375,0.829702425799219,0.503800095944185,0.750129456533923,27.9245780275436
"150",547625,104375,0.389999985694885,547.625,104.375,0.814561316429707,0.253570673402204,0.377552193743943,27.9245780275436
"151",547875,104375,0.550000011920929,547.875,104.375,0.798950359578039,0.357351108134127,0.532075310613172,27.9245780275436
"152",548125,104375,0.129999995231628,548.125,104.375,0.782776885671649,0.0848194423686765,0.126291286404548,27.9245780275436
"153",548875,104375,0.200000002980232,548.875,104.375,0.732061093559496,0.129592697287087,0.1929560958192,27.9245780275436
"154",549625,104375,0.0299999993294477,549.625,104.375,0.682266118299224,0.018462053191303,0.0274889386452734,27.9245780275436
"155",549875,104375,0.349999994039536,549.875,104.375,0.666564180386449,0.209516827643612,0.311958543319583,27.9245780275436
"156",550125,104375,0.800000011920929,550.125,104.375,0.651334901831825,0.46393292904677,0.690769530882742,27.9245780275436
"157",550375,104375,1,550.375,104.375,0.636423074989954,0.559470929278391,0.83302013537652,27.9245780275436
"158",550625,104375,0.970000028610229,550.625,104.375,0.621632343411888,0.523869808714931,0.7800121081148,27.9245780275436
"159",550875,104375,0.340000003576279,550.875,104.375,0.60663511974064,0.178959130240519,0.266459883969488,27.9245780275436
"160",551125,104375,0.439999997615814,551.125,104.375,0.591060916963925,0.228105148725333,0.339635487613883,27.9245780275436
"161",551375,104375,0.119999997317791,551.375,104.375,0.574642640050194,0.0620705943441353,0.0924195560440351,27.9245780275436
"162",545125,104125,0.370000004768372,545.125,104.125,0.941411769323867,0.204838027407618,0.304992078036008,27.9245780275436
"163",545375,104125,0.100000001490116,545.375,104.125,0.932843865467832,0.0585394076117708,0.0871618214667836,27.9245780275436
"164",546125,104125,0.0500000007450581,546.125,104.125,0.899496004143832,0.0329176799520506,0.0490125380514516,27.9245780275436
"165",546375,104125,0.140000000596046,546.375,104.125,0.886219557202985,0.0939814012109309,0.139932917802506,27.9245780275436
"166",546625,104125,0.0199999995529652,546.625,104.125,0.872200651935042,0.0135590207224556,0.0201886044237567,27.9245780275436
"167",546875,104125,0.00999999977648258,546.875,104.125,0.857658675606333,0.00678572990919489,0.0101035627621919,27.9245780275436
"168",547125,104125,0.00999999977648258,547.125,104.125,0.842750023312031,0.00676598325997995,0.0100741611337221,27.9245780275436
"169",547375,104125,0.660000026226044,547.375,104.125,0.827559605729103,0.443137875363828,0.659806888272394,27.9245780275436
"170",547625,104125,0.879999995231628,547.625,104.125,0.812027904543913,0.587778423927856,0.875168371846076,27.9245780275436
"171",547875,104125,0.280000001192093,547.875,104.125,0.795959973914419,0.187354911302328,0.278960720582608,27.9245780275436
"172",548875,104125,0.0199999995529652,548.875,104.125,0.726719201527113,0.0133684537156316,0.0199048610771139,27.9245780275436
"173",549375,104125,0.119999997317791,549.375,104.125,0.69211279822481,0.0777008663243813,0.115692134831551,27.9245780275436
"174",549625,104125,0.109999999403954,549.625,104.125,0.675550487538482,0.0695116416209192,0.103498848792712,27.9245780275436
"175",549875,104125,0.0599999986588955,549.875,104.125,0.659638090312226,0.0368544730976627,0.0548741973218216,27.9245780275436
"176",550375,104125,0.449999988079071,550.375,104.125,0.629507838655337,0.257896929256144,0.383993740656436,27.9245780275436
"177",550625,104125,0.990000009536743,550.625,104.125,0.614874092892145,0.550096673495132,0.819062406005851,27.9245780275436
"178",550875,104125,0.720000028610229,550.875,104.125,0.600064651336328,0.391722943988767,0.583253003426814,27.9245780275436
"179",551125,104125,0.0599999986588955,551.125,104.125,0.584652817526552,0.03239061153673,0.0482277634014991,27.9245780275436
"180",554625,104125,0.0299999993294477,554.625,104.125,0.382333984184643,0.00877908726320016,0.0130715575694091,27.9245780275436
"181",554875,104125,0.200000002980232,554.875,104.125,0.374308469457912,0.0568512993977204,0.0846483251269251,27.9245780275436
"182",555125,104125,0.46000000834465,555.125,104.125,0.366567314287688,0.128550995174918,0.191405061102131,27.9245780275436
"183",555375,104125,0.150000005960464,555.375,104.125,0.358922878902497,0.0415914024380297,0.0619272135088664,27.9245780275436
"184",544875,103875,0.109999999403954,544.875,103.875,0.949849072305259,0.0582656407390555,0.0867541982902494,27.9245780275436
"185",545125,103875,0.170000001788139,545.125,103.875,0.942392732382017,0.0959316396253005,0.142836710980911,27.9245780275436
"186",546375,103875,0.109999999403954,546.375,103.875,0.885498858551545,0.0754962021403033,0.112409516270031,27.9245780275436
"187",546625,103875,0.379999995231628,546.625,103.875,0.871063151783336,0.263164127826266,0.391836297322601,27.9245780275436
"188",546875,103875,0.970000028610229,546.875,103.875,0.856138188950891,0.671617534221443,1,27.9245780275436
"189",547125,103875,0.699999988079071,547.125,103.875,0.840864491361509,0.483129464594313,0.719352071643528,27.9245780275436
"190",547375,103875,0.479999989271164,547.375,103.875,0.825274625346584,0.329088847609796,0.489994425162357,27.9245780275436
"191",547625,103875,0.0799999982118607,547.625,103.875,0.809296082787829,0.0546406544159864,0.0813568015006149,27.9245780275436
"192",550625,103875,0.310000002384186,550.625,103.875,0.60810852747173,0.176360878287055,0.262591235786447,27.9245780275436
"193",550875,103875,0.980000019073486,550.875,103.875,0.593421089098228,0.54876148517187,0.817074387148049,27.9245780275436
"194",551125,103875,0.800000011920929,551.125,103.875,0.57811530999988,0.447241115050536,0.665916376898929,27.9245780275436
"195",551375,103875,0.0500000007450581,551.375,103.875,0.561822431709309,0.0281253093275966,0.0418769729712317,27.9245780275436
"196",554875,103875,0.740000009536743,554.875,103.875,0.371631675447838,0.223243105978553,0.332396184738301,27.9245780275436
"197",555125,103875,0.709999978542328,555.125,103.875,0.363929859779584,0.212184861439161,0.315931092664415,27.9245780275436
"198",555375,103875,0.280000001192093,555.375,103.875,0.356245210291567,0.0835236194715068,0.124361880409108,27.9245780275436
"199",544625,103625,0.150000005960464,544.625,103.625,0.957044399156585,0.0746760134070387,0.111188302273265,27.9245780275436
"200",544875,103625,0.259999990463257,544.875,103.625,0.950863831297564,0.139320539934203,0.207440295756583,27.9245780275436
"201",546875,103625,0.330000013113022,546.875,103.625,0.854457018313326,0.231766523105367,0.34508706413396,27.9245780275436
"202",547125,103625,0.0599999986588955,547.125,103.625,0.838758769365241,0.0420145610752737,0.0625572724571256,27.9245780275436
"203",547625,103625,0.150000005960464,547.625,103.625,0.806304841876611,0.104208764634104,0.155160875534474,27.9245780275436
"204",548625,103625,0.0900000035762787,548.625,103.625,0.734422812492825,0.0634484958652137,0.094471172404343,27.9245780275436
"205",548875,103625,0.0700000002980232,548.875,103.625,0.715707204439067,0.048884089659107,0.0727856066410993,27.9245780275436
"206",549875,103625,0.140000000596046,549.875,103.625,0.645831417404561,0.0888907372122819,0.132353210991322,27.9245780275436
"207",550125,103625,0.449999988079071,550.125,103.625,0.630471724290365,0.275422169524268,0.410087818573028,27.9245780275436
"208",550375,103625,0.150000005960464,550.375,103.625,0.615787571510924,0.0889515347906926,0.132443735099632,27.9245780275436
"209",550625,103625,0.259999990463257,550.625,103.625,0.601359600985571,0.150842581292643,0.224595954701367,27.9245780275436
"210",550875,103625,0.449999988079071,550.875,103.625,0.586718355018675,0.258826626061997,0.385378005894435,27.9245780275436
"211",551125,103625,0.899999976158142,551.125,103.625,0.571415033755221,0.518891255771375,0.77259932823655,27.9245780275436
"212",551375,103625,0.0199999995529652,551.375,103.625,0.555115582108642,0.0116223396144526,0.0173049972971976,27.9245780275436
"213",553375,103625,0.0299999993294477,553.375,103.625,0.423349491130549,0.0128951614832296,0.0192001560801685,27.9245780275436
"214",553625,103625,0.670000016689301,553.625,103.625,0.412210473095155,0.265572335143943,0.395421979939522,27.9245780275436
"215",553875,103625,0.469999998807907,553.875,103.625,0.402344189127991,0.172994623330595,0.257579075166843,27.9245780275436
"216",554125,103625,0.479999989271164,554.125,103.625,0.393374976990449,0.166288639950858,0.247594250414596,27.9245780275436
"217",554375,103625,0.550000011920929,554.375,103.625,0.384993918344164,0.182402546884202,0.271586933917156,27.9245780275436
"218",554625,103625,0.779999971389771,554.625,103.625,0.376964877405755,0.251993567692843,0.37520397376903,27.9245780275436
"219",554875,103625,1,554.875,103.625,0.369129372384945,0.319067224363138,0.475072802756719,27.9245780275436
"220",555125,103625,0.959999978542328,555.125,103.625,0.361369163878423,0.305409206912866,0.454736797881408,27.9245780275436
"221",555375,103625,0.810000002384186,555.375,103.625,0.353565586073008,0.258552580204244,0.384969967325176,27.9245780275436
"222",555625,103625,0.0900000035762787,555.625,103.625,0.345609285648622,0.0289250725225055,0.0430677745125225,27.9245780275436
"223",555875,103625,0.119999997317791,555.875,103.625,0.337456653061139,0.0387700208888388,0.0577263381513438,27.9245780275436
"224",556125,103625,0.00999999977648258,556.125,103.625,0.329097485546855,0.00325397720998602,0.00484498549275983,27.9245780275436
"225",556375,103625,0.300000011920929,556.375,103.625,0.320524972499627,0.0983517991446344,0.146440189740797,27.9245780275436
"226",556625,103625,0.0700000002980232,556.625,103.625,0.311757157640593,0.0230805499674529,0.0343656155347529,27.9245780275436
"227",547375,103375,0.230000004172325,547.375,103.375,0.819912599524844,0.161716539640515,0.240786655202475,27.9245780275436
"228",547625,103375,0.939999997615814,547.625,103.375,0.803077962803562,0.660603453623821,0.983600665503187,27.9245780275436
"229",547875,103375,0.259999990463257,547.875,103.375,0.785612183440465,0.184450681664125,0.274636489170797,27.9245780275436
"230",548625,103375,0.200000002980232,548.625,103.375,0.729175428996574,0.142958318340786,0.212856739225111,27.9245780275436
"231",548875,103375,0.0399999991059303,548.875,103.375,0.710009485413427,0.0282860332556943,0.0421162816847601,27.9245780275436
"232",549875,103375,0.180000007152557,549.875,103.375,0.638998323673004,0.115109462064072,0.171391388995687,27.9245780275436
"233",550125,103375,0.970000028610229,550.125,103.375,0.623611230568362,0.598333460150694,0.890884215589008,27.9245780275436
"234",550375,103375,1,550.375,103.375,0.608964675179454,0.600170599138627,0.893619610206218,27.9245780275436
"235",550625,103375,0.910000026226044,550.625,103.375,0.594565477039277,0.536941107851076,0.799474523060975,27.9245780275436
"236",550875,103375,0.0199999995529652,550.875,103.375,0.579881832079797,0.0117738877232901,0.0175306437419605,27.9245780275436
"237",551125,103375,0.0700000002980232,551.125,103.375,0.564483213392272,0.0414612928672215,0.0617334878180102,27.9245780275436
"238",553125,103375,0.00999999977648258,553.125,103.375,0.431317184686128,0.00469124159514744,0.00698498975400583,27.9245780275436
"239",553375,103375,0.340000003576279,553.375,103.375,0.419142967296706,0.147714585843393,0.219938548826941,27.9245780275436
"240",553625,103375,0.970000028610229,553.625,103.375,0.40853487670245,0.389650503784453,0.580167258789849,27.9245780275436
"241",553875,103375,1,553.875,103.375,0.399138027045596,0.375066205451127,0.558452074789729,27.9245780275436
"242",554125,103375,0.990000009536743,554.125,103.375,0.390547577548067,0.352164431761267,0.524352646881837,27.9245780275436
"243",554375,103375,0.939999997615814,554.375,103.375,0.382433598294024,0.322849143590683,0.480703863643075,27.9245780275436
"244",554625,103375,0.579999983310699,554.625,103.375,0.374535757080498,0.195707126353355,0.291396689903612,27.9245780275436
"245",554875,103375,0.389999985694885,554.875,103.375,0.366681507913249,0.1309352159777,0.194955029173685,27.9245780275436
"246",555125,103375,0.829999983310699,555.125,103.375,0.358792564424723,0.279359111162432,0.415949698940294,27.9245780275436
"247",555375,103375,0.810000002384186,555.375,103.375,0.350812131050838,0.274850172774985,0.409236148209857,27.9245780275436
"248",555625,103375,0.5,555.625,103.375,0.342667857041635,0.171370485672509,0.255160827316944,27.9245780275436
"249",555875,103375,0.910000026226044,555.875,103.375,0.334325096012305,0.314635381078477,0.468474042213938,27.9245780275436
"250",556125,103375,0.379999995231628,556.125,103.375,0.325749784429217,0.132973916226289,0.197990536951118,27.9245780275436
"251",556375,103375,0.479999989271164,556.375,103.375,0.316917657098751,0.169863124810365,0.252916453420584,27.9245780275436
"252",556625,103375,0.379999995231628,556.625,103.375,0.307864827087258,0.135442943644595,0.20166677721064,27.9245780275436
"253",556875,103375,0.0299999993294477,556.875,103.375,0.29865605643947,0.0106971450498658,0.0159274356383,27.9245780275436
"254",547375,103125,0.519999980926514,547.375,103.125,0.816880548340809,0.366927289023671,0.546333694889344,27.9245780275436
"255",547625,103125,0.709999978542328,547.625,103.125,0.799625225475573,0.502288302853078,0.747878483302769,27.9245780275436
"256",547875,103125,0.209999993443489,547.875,103.125,0.781677862281847,0.15027139629948,0.223745492996514,27.9245780275436
"257",548625,103125,0.0500000007450581,548.625,103.125,0.723709842615495,0.0360152452406469,0.0536246351614342,27.9245780275436
"258",548875,103125,0.280000001192093,548.875,103.125,0.704147268923307,0.199160847412646,0.296539082535298,27.9245780275436
"259",549875,103125,0.400000005960464,549.875,103.125,0.63219891925527,0.256156966646523,0.381403036094742,27.9245780275436
"260",550125,103125,0.829999983310699,550.125,103.125,0.616737953121954,0.514574307081204,0.766171639157266,27.9245780275436
"261",550375,103125,0.720000028610229,550.375,103.125,0.602032216092873,0.436285201965692,0.649603650493499,27.9245780275436
"262",550625,103125,0.680000007152557,550.625,103.125,0.587558395466855,0.407838684442597,0.607248416936247,27.9245780275436
"263",550875,103125,0.0599999986588955,550.875,103.125,0.57276585484666,0.0360252470157732,0.0536395272311265,27.9245780275436
"264",553125,103125,0.0399999991059303,553.125,103.125,0.426870626776258,0.018840790925667,0.0280528574161003,27.9245780275436
"265",553375,103125,0.639999985694885,553.375,103.125,0.415230038134062,0.279152801217271,0.415642515261119,27.9245780275436
"266",553625,103125,0.970000028610229,553.625,103.125,0.405102339566649,0.392858090244432,0.584943171115751,27.9245780275436
"267",553875,103125,1,553.875,103.125,0.396104734378708,0.380604573762084,0.56669838765197,27.9245780275436
"268",554125,103125,0.990000009536743,554.125,103.125,0.387819996356347,0.360106800409242,0.536178378408014,27.9245780275436
"269",554375,103125,1,554.375,103.125,0.379902731933327,0.354219334371273,0.527412279046426,27.9245780275436
"270",554625,103125,0.469999998807907,554.625,103.125,0.372074899686875,0.164792781436628,0.245367002854773,27.9245780275436
"271",555125,103125,0.330000013113022,555.125,103.125,0.356115288173787,0.116698999622063,0.173758119280408,27.9245780275436
"272",555375,103125,0.800000011920929,555.375,103.125,0.347929935880075,0.286367285546913,0.426384468771914,27.9245780275436
"273",555625,103125,0.939999997615814,555.625,103.125,0.339573819212831,0.340814504635376,0.507453256160825,27.9245780275436
"274",555875,103125,1,555.875,103.125,0.331009251601072,0.367688421278217,0.547466977175412,27.9245780275436
"275",556125,103125,0.819999992847443,556.125,103.125,0.32218001455284,0.306416954707771,0.456237276566904,27.9245780275436
"276",556375,103125,0.170000001788139,556.375,103.125,0.313056566812636,0.0644735982717337,0.0959974911114749,27.9245780275436
"277",556625,103125,0.230000004172325,556.625,103.125,0.303705747730318,0.0879342914368329,0.130929118071297,27.9245780275436
"278",556875,103125,0.0299999993294477,556.875,103.125,0.294235419717024,0.0114807646317999,0.0170942002654959,27.9245780275436
"279",557125,103125,0.280000001192093,557.125,103.125,0.284757575721505,0.106480526182054,0.158543398223647,27.9245780275436
"280",557375,103125,0.569999992847443,557.375,103.125,0.275350403158196,0.214579637382491,0.319496776735047,27.9245780275436
"281",546125,102875,0.0199999995529652,546.125,102.875,0.895247153691674,0.0137537797518975,0.02047858945172,27.9245780275436
"282",547375,102875,0.600000023841858,547.375,102.875,0.813610071527284,0.422541710116922,0.629140379139659,27.9245780275436
"283",547625,102875,0.759999990463257,547.625,102.875,0.79588654376492,0.538546706290737,0.80186516707762,27.9245780275436
"284",547875,102875,0.0199999995529652,547.875,102.875,0.777404936901945,0.0143560031261296,0.0213752655263408,27.9245780275436
"285",548875,102875,0.419999986886978,548.875,102.875,0.69807675982772,0.298685468132651,0.444725536355889,27.9245780275436
"286",549125,102875,0.230000004172325,549.125,102.875,0.678655100155481,0.160573771705585,0.239085139270115,27.9245780275436
"287",549875,102875,0.569999992847443,549.875,102.875,0.62531635106608,0.364032216616899,0.542023098070087,27.9245780275436
"288",550125,102875,0.730000019073486,550.125,102.875,0.609699815668826,0.453458534410558,0.675173757838557,27.9245780275436
"289",550375,102875,1,550.375,102.875,0.594829961207972,0.61035299171592,0.908780608927159,27.9245780275436
"290",550625,102875,0.879999995231628,550.625,102.875,0.580193495585554,0.534872280339254,0.796394157515993,27.9245780275436
"291",550875,102875,0.28999999165535,550.875,102.875,0.565263962881857,0.176986939284992,0.263523404715989,27.9245780275436
"292",551125,102875,0.00999999977648258,551.125,102.875,0.549681109304229,0.00613634000871507,0.00913665843436991,27.9245780275436
"293",553375,102875,0.439999997615814,553.375,102.875,0.411497845119673,0.191602685762967,0.285285413200354,27.9245780275436
"294",553625,102875,1,553.625,102.875,0.401782856596632,0.406192874322074,0.60479790003241,27.9245780275436
"295",553875,102875,1,553.875,102.875,0.393109412282389,0.384429301394084,0.57239318779806,27.9245780275436
"296",554125,102875,1,554.125,102.875,0.385052193849568,0.370403621544849,0.551509754691308,27.9245780275436
"297",554375,102875,1,554.375,102.875,0.377258327266292,0.36365212612549,0.541457165121582,27.9245780275436
"298",554625,102875,0.340000003576279,554.625,102.875,0.369446741409043,0.123227955738228,0.183479360587387,27.9245780275436
"299",555375,102875,0.140000000596046,555.375,102.875,0.344861309394372,0.0524773843882337,0.0781358164644508,27.9245780275436
"300",555625,102875,0.689999997615814,555.625,102.875,0.336266002191536,0.262767930490541,0.391246382206427,27.9245780275436
"301",555875,102875,0.810000002384186,555.875,102.875,0.327434569580263,0.314466138734413,0.468222050067454,27.9245780275436
"302",556125,102875,0.270000010728836,556.125,102.875,0.318307400424032,0.10697355275657,0.159277486524495,27.9245780275436
"303",556625,102875,0.150000005960464,556.625,102.875,0.299266153012436,0.0609578240385898,0.0907627048618582,27.9245780275436
"304",557125,102875,0.0799999982118607,557.125,102.875,0.279950469546876,0.0324321342438204,0.0482895883315741,27.9245780275436
"305",557375,102875,0.879999995231628,557.375,102.875,0.270394739408018,0.355025626036786,0.528612801106125,27.9245780275436
"306",557625,102875,0.0700000002980232,557.625,102.875,0.260802410769416,0.0283253866325051,0.0421748766064314,27.9245780275436
"307",558125,102875,0.0900000035762787,558.125,102.875,0.241048425000532,0.036725369242367,0.0546819690836988,27.9245780275436
"308",546125,102625,0.0399999991059303,546.125,102.625,0.893015834605381,0.0271497833516462,0.0404244707266598,27.9245780275436
"309",546375,102625,0.0500000007450581,546.375,102.625,0.877712416415757,0.034525017270043,0.0514057711582311,27.9245780275436
"310",547125,102625,0.0399999991059303,547.125,102.625,0.827709833940073,0.0279135575200811,0.0415616866710296,27.9245780275436
"311",547375,102625,0.649999976158142,547.375,102.625,0.810015613846032,0.454588415210779,0.676856085566244,27.9245780275436
"312",547625,102625,0.150000005960464,547.625,102.625,0.791756428759639,0.105976705564117,0.157793238211042,27.9245780275436
"313",548875,102625,0.449999988079071,548.875,102.625,0.691714976113109,0.318232098907003,0.473829348836024,27.9245780275436
"314",549125,102625,0.239999994635582,549.125,102.625,0.672044463003829,0.16651353695805,0.247929109163413,27.9245780275436
"315",549875,102625,0.129999995231628,549.875,102.625,0.618171496789576,0.0825914050990308,0.122973866658757,27.9245780275436
"316",550125,102625,0.790000021457672,550.125,102.625,0.602329441932366,0.490392153133096,0.730165798457855,27.9245780275436
"317",550375,102625,0.680000007152557,550.375,102.625,0.587215653129034,0.417609508893749,0.621796614315398,27.9245780275436
"318",550625,102625,0.980000019073486,550.625,102.625,0.572354329615463,0.601404822383096,0.895457297850718,27.9245780275436
"319",550875,102625,0.610000014305115,550.875,102.625,0.557276295000978,0.376210908706324,0.560156472303001,27.9245780275436
"320",551125,102625,0.0399999991059303,551.125,102.625,0.541669542512857,0.0247181501372798,0.0368039082927365,27.9245780275436
"321",551375,102625,0.119999997317791,551.375,102.625,0.525489935635018,0.0737645603047935,0.109831200863901,27.9245780275436
"322",553125,102625,0.0500000007450581,553.125,102.625,0.418524367206307,0.0232531141061994,0.0346225536430568,27.9245780275436
"323",553375,102625,0.349999994039536,553.375,102.625,0.407827537714657,0.151426504730846,0.225465383220502,27.9245780275436
"324",553625,102625,1,553.625,102.625,0.398457801124949,0.40573344818857,0.604113840861686,27.9245780275436
"325",553875,102625,1,553.875,102.625,0.390033359708314,0.386829870484273,0.575967497532202,27.9245780275436
"326",554125,102625,0.959999978542328,554.125,102.625,0.382127242427614,0.360859566467637,0.537299203907704,27.9245780275436
"327",554375,102625,0.75,554.375,102.625,0.374387044535685,0.27892470120609,0.415302887423014,27.9245780275436
"328",554625,102625,0.00999999977648258,554.625,102.625,0.366548699277868,0.00372716995226236,0.00554954235461258,27.9245780275436
"329",557125,102625,0.400000005960464,557.125,102.625,0.275020980826726,0.171541755857685,0.255415838802572,27.9245780275436
"330",557375,102625,0.46000000834465,557.375,102.625,0.265310263702623,0.198191663702516,0.295096023560887,27.9245780275436
"331",557625,102625,0.25,557.625,102.625,0.25550480650695,0.108826468197478,0.162036371375611,27.9245780275436
"332",557875,102625,0.569999992847443,557.875,102.625,0.245491667686913,0.25063092760983,0.373175080814958,27.9245780275436
"333",558125,102625,0.899999976158142,558.125,102.625,0.235180978562589,0.400108222110711,0.595738201764679,27.9245780275436
"334",546375,102375,0.180000007152557,546.375,102.375,0.874647414445475,0.121750133597546,0.181278968153626,27.9245780275436
"335",546625,102375,0.189999997615814,546.625,102.375,0.858444294811558,0.129375100807453,0.192632107137328,27.9245780275436
"336",547375,102375,0.00999999977648258,547.375,102.375,0.805956954588634,0.00691442710184833,0.010295185502957,27.9245780275436
"337",548875,102375,0.0199999995529652,548.875,102.375,0.684920977651849,0.0139974947841057,0.0208414671608179,27.9245780275436
"338",549125,102375,0.0700000002980232,549.125,102.375,0.664986591326779,0.0480298737429575,0.0715137281200304,27.9245780275436
"339",550125,102375,0.170000001788139,550.125,102.375,0.59443661004756,0.105305851858146,0.156794375507511,27.9245780275436
"340",550375,102375,0.400000005960464,550.375,102.375,0.579021001689468,0.246487362754456,0.367005550324399,27.9245780275436
"341",550625,102375,0.389999985694885,550.625,102.375,0.563906792130433,0.240833936524481,0.358587922817801,27.9245780275436
"342",550875,102375,0.100000001490116,550.875,102.375,0.548694667398352,0.0619379895576585,0.0922221151201162,27.9245780275436
"343",551125,102375,0.370000004768372,551.125,102.375,0.533147920283362,0.228476399221816,0.340188258316799,27.9245780275436
"344",551375,102375,0.0700000002980232,551.375,102.375,0.517224180753387,0.042853825392801,0.0638068889051241,27.9245780275436
"345",553125,102375,0.119999997317791,553.125,102.375,0.4144074446341,0.0549870700786921,0.0818725945599895,27.9245780275436
"346",553375,102375,0.28999999165535,553.375,102.375,0.404112975246285,0.124133288563931,0.184827349255898,27.9245780275436
"347",553625,102375,1,553.625,102.375,0.395023603682034,0.404081480097729,0.601654155093123,27.9245780275436
"348",553875,102375,0.980000019073486,553.875,102.375,0.386772144082608,0.380495213072932,0.566535555856225,27.9245780275436
"349",554125,102375,0.469999998807907,554.125,102.375,0.378944471910051,0.17886973004758,0.266326772208129,27.9245780275436
"350",556375,102375,0.00999999977648258,556.375,102.375,0.299782168907774,0.00441968764986251,0.00658066149953326,27.9245780275436
"351",556625,102375,0.560000002384186,556.625,102.375,0.289798840759135,0.250140824318068,0.37244534511452,27.9245780275436
"352",556875,102375,0.469999998807907,556.875,102.375,0.279870862050581,0.21119187199392,0.314452588315371,27.9245780275436
"353",557125,102375,0.569999992847443,557.125,102.375,0.270007127654842,0.257506338356932,0.383412173202774,27.9245780275436
"354",557375,102375,0.550000011920929,557.375,102.375,0.260114813692776,0.251944866830241,0.375131460976971,27.9245780275436
"355",557625,102375,0.839999973773956,557.625,102.375,0.250054390776261,0.391212592392769,0.582493119162341,27.9245780275436
"356",557875,102375,0.899999976158142,557.875,102.375,0.239712011731157,0.426730938905293,0.635377900608225,27.9245780275436
"357",558125,102375,0.75,558.125,102.375,0.228957311677846,0.362434882295992,0.539644758852426,27.9245780275436
"358",558375,102375,0.330000013113022,558.375,102.375,0.217620637837243,0.162422374982302,0.241837603555998,27.9245780275436
"359",558625,102375,0.0199999995529652,558.625,102.375,0.205649229956306,0.00995120181028779,0.0148167689246283,27.9245780275436
"360",546625,102125,0.699999988079071,546.625,102.125,0.854644774396096,0.463700576101867,0.690423570670175,27.9245780275436
"361",546875,102125,0.389999985694885,546.875,102.125,0.837686163521909,0.260245526618012,0.387490667467007,27.9245780275436
"362",547875,102125,0.140000000596046,547.875,102.125,0.761747022413422,0.0981096503613198,0.146079644086498,27.9245780275436
"363",548125,102125,0.0399999991059303,548.125,102.125,0.740927296719709,0.0282377049182164,0.0420443235612518,27.9245780275436
"364",549125,102125,0.0399999991059303,549.125,102.125,0.657348738306905,0.0270119463215624,0.0402192392920107,27.9245780275436
"365",553125,102125,0.109999999403954,553.125,102.125,0.410195699747764,0.0494659343636285,0.0736519400449703,27.9245780275436
"366",553375,102125,0.699999988079071,553.375,102.125,0.400261221216891,0.29538145792854,0.439806054603612,27.9245780275436
"367",553625,102125,0.850000023841858,553.625,102.125,0.391391080874171,0.341171947337204,0.507985467849197,27.9245780275436
"368",553875,102125,0.769999980926514,553.875,102.125,0.383243577740101,0.299540538873921,0.445998687662549,27.9245780275436
"369",554125,102125,0.209999993443489,554.125,102.125,0.375440927368979,0.0806953864355502,0.120150803580634,27.9245780275436
"370",554375,102125,0.0299999993294477,554.375,102.125,0.367683520211147,0.0115368662414686,0.0171777323456011,27.9245780275436
"371",556375,102125,0.0500000007450581,556.375,102.125,0.295051923235708,0.0228588911441636,0.0340355782561012,27.9245780275436
"372",556625,102125,0.569999992847443,556.625,102.125,0.284940171926116,0.263836673010378,0.3928376785401,27.9245780275436
"373",556875,102125,0.949999988079071,556.875,102.125,0.274898808235391,0.44384170825264,0.660854855088251,27.9245780275436
"374",557125,102125,0.850000023841858,557.125,102.125,0.264885920229171,0.403111977715319,0.600210621633958,27.9245780275436
"375",557375,102125,0.360000014305115,557.375,102.125,0.25475745327988,0.174555583335801,0.259903255114014,27.9245780275436
"376",557625,102125,0.449999988079071,557.625,102.125,0.244359585133441,0.223425881438076,0.332668326917756,27.9245780275436
"377",557875,102125,0.730000019073486,557.875,102.125,0.233558777540167,0.371758930907692,0.553527732623367,27.9245780275436
"378",558125,102125,0.699999988079071,558.125,102.125,0.222217648976941,0.366091490755944,0.545089239190766,27.9245780275436
"379",558375,102125,0.349999994039536,558.375,102.125,0.210210240987,0.187208017133782,0.278742003588096,27.9245780275436
"380",546625,101875,0.629999995231628,546.625,101.875,0.850204078344057,0.403835302926115,0.601287611399622,27.9245780275436
"381",546875,101875,0.639999985694885,546.875,101.875,0.833089912224865,0.414897552640706,0.617758666949734,27.9245780275436
"382",547125,101875,0.0599999986588955,547.125,101.875,0.815003037557662,0.0394127523779755,0.0586833284864485,27.9245780275436
"383",547375,101875,0.109999999403954,547.375,101.875,0.795925467035874,0.0733779802249562,0.10925560529032,27.9245780275436
"384",547625,101875,0.340000003576279,547.625,101.875,0.775993652162131,0.230854351180103,0.343728892438336,27.9245780275436
"385",547875,101875,0.129999995231628,547.875,101.875,0.75530577067609,0.0894872957797942,0.133241452493539,27.9245780275436
"386",549125,101875,0.189999997615814,549.125,101.875,0.649049019119691,0.1257389775048,0.187218128023653,27.9245780275436
"387",549375,101875,0.280000001192093,549.375,101.875,0.629515153358289,0.180363681342748,0.268551180028125,27.9245780275436
"388",551625,101875,0.00999999977648258,551.625,101.875,0.484477478701554,0.00581505107326214,0.00865827763118649,27.9245780275436
"389",553375,101875,0.00999999977648258,553.375,101.875,0.396184494564282,0.00415321195279199,0.00618389446548102,27.9245780275436
"390",553625,101875,0.879999995231628,553.625,101.875,0.387492700879532,0.350209612881271,0.521442033652745,27.9245780275436
"391",553875,101875,0.670000016689301,553.875,101.875,0.379413294330632,0.260735776840639,0.388220621939079,27.9245780275436
"392",554125,101875,0.839999973773956,554.125,101.875,0.371617638293635,0.324811644249417,0.48362591460026,27.9245780275436
"393",554375,101875,0.930000007152557,554.375,101.875,0.363843326874334,0.361551988057685,0.538330179953991,27.9245780275436
"394",554625,101875,0.550000011920929,554.625,101.875,0.355872043623355,0.217084020580024,0.323225659722649,27.9245780275436
"395",554875,101875,0.100000001490116,554.875,101.875,0.347561614112637,0.0403492892332939,0.0600777781659139,27.9245780275436
"396",555125,101875,0.0599999986588955,555.125,101.875,0.338869553030601,0.0248069020226299,0.0369360547612664,27.9245780275436
"397",556625,101875,0.0299999993294477,556.625,101.875,0.280015225049679,0.0143064218449724,0.0213014418415337,27.9245780275436
"398",556875,101875,0.720000028610229,556.875,101.875,0.269818657556847,0.348587458620533,0.519026738967774,27.9245780275436
"399",557125,101875,0.769999980926514,557.125,101.875,0.259578764858792,0.38202118853209,0.568807645820235,27.9245780275436
"400",557375,101875,0.970000028610229,557.375,101.875,0.249123787279646,0.495334106853439,0.737524084191225,27.9245780275436
"401",557625,101875,0.280000001192093,557.625,101.875,0.238278459145021,0.147595923401338,0.219761867254457,27.9245780275436
"402",557875,101875,0.180000007152557,557.875,101.875,0.226888588809079,0.0980622970833642,0.146009137770711,27.9245780275436
"403",558375,101875,0.0399999991059303,558.375,101.875,0.202087646819284,0.0230681526680893,0.0343471566668231,27.9245780275436
"404",546375,101625,0.119999997317791,546.375,101.625,0.861550555299194,0.0730416067640251,0.1087547644936,27.9245780275436
"405",546625,101625,0.759999990463257,546.625,101.625,0.845045806408707,0.469007500535661,0.698325276869591,27.9245780275436
"406",546875,101625,0.00999999977648258,546.875,101.625,0.827684363771748,0.00627662115587504,0.00934552901920744,27.9245780275436
"407",549375,101625,0.409999996423721,549.375,101.625,0.620271552043143,0.258353703635556,0.384673851517362,27.9245780275436
"408",549625,101625,0.25,549.625,101.625,0.601481075847759,0.154584350435721,0.230167234414032,27.9245780275436
"409",549875,101625,0.00999999977648258,549.875,101.625,0.583588530726219,0.00612389319345105,0.00911812584010337,27.9245780275436
"410",550625,101625,0.109999999403954,550.625,101.625,0.534732331643159,0.0666764737134379,0.0992774463381618,27.9245780275436
"411",550875,101625,0.00999999977648258,550.875,101.625,0.519631586337702,0.00600762615537834,0.00894501088680262,27.9245780275436
"412",551125,101625,0.0500000007450581,551.125,101.625,0.504858780857875,0.0296196946404581,0.0441020270186871,27.9245780275436
"413",551375,101625,0.0500000007450581,551.375,101.625,0.490287996704786,0.0290556815111284,0.0432622438078697,27.9245780275436
"414",551625,101625,0.0299999993294477,551.625,101.625,0.475857654176004,0.0170326802979322,0.0253606843628299,27.9245780275436
"415",551875,101625,0.0599999986588955,551.875,101.625,0.461653098211968,0.0331742863736427,0.04939461030019,27.9245780275436
"416",553625,101625,0.360000014305115,553.625,101.625,0.383289984502362,0.141962883433733,0.211374593723644,27.9245780275436
"417",553875,101625,0.370000004768372,553.875,101.625,0.375272759336326,0.143717847957831,0.213987635275831,27.9245780275436
"418",554125,101625,0.870000004768372,554.125,101.625,0.367483825682008,0.337428457903953,0.502411626723101,27.9245780275436
"419",554375,101625,0.879999995231628,554.375,101.625,0.359680919401747,0.344754888850251,0.513320262327428,27.9245780275436
"420",554625,101625,0.239999994635582,554.625,101.625,0.351646931650128,0.0958945947018609,0.14278155321395,27.9245780275436
"421",554875,101625,0.140000000596046,554.875,101.625,0.343254969167062,0.0573362264436214,0.0853703536940665,27.9245780275436
"422",555125,101625,0.600000023841858,555.125,101.625,0.334477884504481,0.252307120580311,0.375670836040324,27.9245780275436
"423",556625,101625,0.28999999165535,556.625,101.625,0.274983544576214,0.141742256906688,0.211046093474911,27.9245780275436
"424",556875,101625,0.660000026226044,556.875,101.625,0.264576266089857,0.33036977236814,0.491901648683299,27.9245780275436
"425",557125,101625,0.319999992847443,557.125,101.625,0.254013889503588,0.165495954988671,0.246413987955985,27.9245780275436
"426",557375,101625,0.529999971389771,557.375,101.625,0.243122969291192,0.284093948988032,0.422999600981772,27.9245780275436
"427",557625,101625,0.310000002384186,557.625,101.625,0.231723260198221,0.172620730158351,0.257022369671241,27.9245780275436
"428",557875,101625,0.129999995231628,557.875,101.625,0.219660207760696,0.0753176876362836,0.112143718409011,27.9245780275436
"429",546375,101375,0.129999995231628,546.375,101.375,0.855749223754463,0.0754663692351781,0.112365096784825,27.9245780275436
"430",546625,101375,0.529999971389771,546.625,101.375,0.839032431171273,0.313838524005672,0.467287567721832,27.9245780275436
"431",549625,101375,0.0199999995529652,549.625,101.375,0.591238026711889,0.0121533192723045,0.0180955955630208,27.9245780275436
"432",549875,101375,0.00999999977648258,549.875,101.375,0.573161950522697,0.00603937302211347,0.00899228015110486,27.9245780275436
"433",550125,101375,0.0500000007450581,550.125,101.375,0.555989134147303,0.0301140862547884,0.044838147785551,27.9245780275436
"434",550375,101375,0.370000004768372,550.375,101.375,0.539689975429704,0.221712955991364,0.330117879141406,27.9245780275436
"435",550625,101375,0.540000021457672,550.625,101.375,0.524171241552258,0.320888962548782,0.477785266462354,27.9245780275436
"436",550875,101375,0.75,550.875,101.375,0.509293794971326,0.440288136635581,0.655563790701168,27.9245780275436
"437",551125,101375,0.800000011920929,551.125,101.375,0.494916232471667,0.461861009880716,0.687684562041874,27.9245780275436
"438",551375,101375,0.689999997615814,551.375,101.375,0.480867542989261,0.390222351800119,0.581018707697194,27.9245780275436
"439",551625,101375,0.150000005960464,551.625,101.375,0.467024649778932,0.0829894849710963,0.123566584763603,27.9245780275436
"440",551875,101375,0.0299999993294477,551.875,101.375,0.453466204716702,0.0161430412385424,0.0240360628125289,27.9245780275436
"441",554125,101375,0.0900000035762787,554.125,101.375,0.363015742139343,0.0349279358287394,0.052005693790036,27.9245780275436
"442",554375,101375,0.0900000035762787,554.375,101.375,0.355166293470667,0.0354464145914162,0.0527776789397059,27.9245780275436
"443",554875,101375,0.109999999403954,554.875,101.375,0.338614422358316,0.0455372819882042,0.0678024019146436,27.9245780275436
"444",555125,101375,0.0399999991059303,555.125,101.375,0.329774745503271,0.0170612816836633,0.0254032701862693,27.9245780275436
"445",556625,101375,0.219999998807907,556.625,101.375,0.269807626137261,0.110013402398225,0.163803648345417,27.9245780275436
"446",556875,101375,0.0399999991059303,556.875,101.375,0.259122691239729,0.0206620394545757,0.0307645920509322,27.9245780275436
"447",557875,101375,0.0299999993294477,557.875,101.375,0.211997112047151,0.0183411003691973,0.0273088468282156,27.9245780275436
"448",558125,101375,0.129999995231628,558.125,101.375,0.198468477142287,0.082451219829105,0.122765138829624,27.9245780275436
"449",546625,101125,0.200000002980232,546.625,101.125,0.832036839832491,0.113456645683976,0.168930440173063,27.9245780275436
"450",546875,101125,0.0199999995529652,546.875,101.125,0.813895117519667,0.0116594073234635,0.0173601889905679,27.9245780275436
"451",551125,101125,0.519999980926514,551.125,101.125,0.484766595003546,0.29139096448355,0.433864438666477,27.9245780275436
"452",557375,101125,0.239999994635582,557.375,101.125,0.230164213989213,0.139576052245178,0.207820738937345,27.9245780275436
"453",557625,101125,0.0199999995529652,557.625,101.125,0.217554661970574,0.0122134886843463,0.0181851843676245,27.9245780275436
"454",557875,101125,0.100000001490116,557.875,101.125,0.204147846876309,0.0639223825950699,0.0951767625739112,27.9245780275436
"455",546875,100875,0.0900000035762787,546.875,100.875,0.805344083990226,0.0504365875559104,0.0750971869940499,27.9245780275436
"456",550875,100875,0.0799999982118607,550.875,100.875,0.487921810847222,0.0441742966317925,0.065772994868278,27.9245780275436
"457",551125,100875,0.779999971389771,551.125,100.875,0.47436801916032,0.422899815322825,0.629673577258613,27.9245780275436
"458",551375,100875,0.0199999995529652,551.375,100.875,0.461276122652297,0.0106546191227182,0.0158641169710814,27.9245780275436
"459",557375,100875,0.180000007152557,557.375,100.875,0.223568783287825,0.108129619702495,0.160998803921701,27.9245780275436
"460",557625,100875,0.0299999993294477,557.625,100.875,0.210397605210508,0.0189715969856939,0.0282476201394686,27.9245780275436
"461",550875,100625,0.490000009536743,550.875,100.625,0.476950605855147,0.260604123443628,0.388024597579525,27.9245780275436
"462",551125,100625,0.579999983310699,551.125,100.625,0.463789222135974,0.303757329112784,0.452277246550609,27.9245780275436
"463",551375,100625,0.00999999977648258,551.375,100.625,0.45113594957846,0.0051427691541473,0.00765728840017397,27.9245780275436
"464",553375,100625,0.129999995231628,553.375,100.625,0.371216550006903,0.0494282626145738,0.0735958489706085,27.9245780275436
"465",550875,100375,0.119999997317791,550.875,100.375,0.465887024216937,0.061386630065534,0.0914011724495773,27.9245780275436
"466",551125,100375,0.180000007152557,551.125,100.375,0.453099715698356,0.0906950924084114,0.135039792422256,27.9245780275436
"467",552375,100375,0.140000000596046,552.375,100.375,0.39841584757582,0.0593078962503218,0.0883060569868431,27.9245780275436
"468",552625,100375,0.430000007152557,552.625,100.375,0.389530928254075,0.174052458643359,0.259154131294569,27.9245780275436
"469",552875,100375,0.28999999165535,552.875,100.375,0.381213245829476,0.112995187062342,0.168243354744049,27.9245780275436
"470",553125,100375,0.200000002980232,553.125,100.375,0.373320594509491,0.0757964745646631,0.112856604693218,27.9245780275436
"471",553375,100375,0.300000011920929,553.375,100.375,0.365713082009562,0.111802231512446,0.166467112330606,27.9245780275436
"472",553625,100375,0.109999999403954,553.625,100.375,0.358239887170614,0.0408506075464857,0.0608242123902271,27.9245780275436
"473",553875,100375,0.0199999995529652,553.875,100.375,0.350738370851059,0.00749665722290591,0.0111620927699516,27.9245780275436
"474",552625,100125,0.150000005960464,552.625,100.125,0.38276917059748,0.0584009947469658,0.0869557326472511,27.9245780275436
"475",552875,100125,0.270000010728836,552.875,100.125,0.375011887867607,0.101864921856636,0.151671028027463,27.9245780275436
"476",553125,100125,0.230000004172325,553.125,100.125,0.36757445665978,0.0848431048701755,0.126326518512546,27.9245780275436
"477",553375,100125,0.300000011920929,553.375,100.125,0.360312040105087,0.109470480262278,0.162995268414454,27.9245780275436
"478",553625,100125,0.759999990463257,553.625,100.125,0.353084404113008,0.27780872482794,0.413641262582555,27.9245780275436
"479",553875,100125,0.0900000035762787,553.875,100.125,0.345736402387735,0.0334021041724493,0.0497338179402506,27.9245780275436
"480",556875,100125,0.140000000596046,556.875,100.125,0.231775577126684,0.0803441766879788,0.119627872403772,27.9245780275436
"481",557125,100125,0.159999996423721,557.125,100.125,0.219109517496742,0.0967412891494818,0.144042232699637,27.9245780275436
"482",553625,99875,0.119999997317791,553.625,99.875,0.348113049091968,0.0431979287269895,0.0643192390399183,27.9245780275436
"483",553875,99875,0.0299999993294477,553.875,99.875,0.340927652353823,0.0110154401609331,0.0164013588086297,27.9245780275436
"484",555125,99875,0.189999997615814,555.125,99.875,0.300058448877234,0.0823133423614484,0.122559847185747,27.9245780275436
"485",555375,99875,0.230000004172325,555.375,99.875,0.290889967579606,0.10337330278935,0.153916920750414,27.9245780275436
"486",555625,99875,0.0700000002980232,555.625,99.875,0.28138871501596,0.0326060725103666,0.0485485724373835,27.9245780275436
"487",555875,99875,0.589999973773956,555.875,99.875,0.271572799439924,0.283982792165234,0.422834094846011,27.9245780275436
"488",556125,99875,0.529999971389771,556.125,99.875,0.261376975042589,0.265209282485845,0.394881415347923,27.9245780275436
"489",556375,99875,0.00999999977648258,556.375,99.875,0.250628594069569,0.00524443937723157,0.0078086695328928,27.9245780275436
"490",556875,99875,0.469999998807907,556.875,99.875,0.227114985590442,0.27179498021124,0.404687141657657,27.9245780275436
"491",557125,99875,0.519999980926514,557.125,99.875,0.214285172132574,0.317037379434894,0.472050480043545,27.9245780275436
"492",558625,99875,0.0399999991059303,558.625,99.875,0.123720306888437,0.0289583116487026,0.0431172656656022,27.9245780275436
"493",551875,99625,0.100000001490116,551.875,99.625,0.392886589905969,0.0396048613680721,0.0589693677577717,27.9245780275436
"494",552125,99625,0.330000013113022,552.125,99.625,0.384688132863108,0.126046947188183,0.187676677224188,27.9245780275436
"495",554875,99625,0.0599999986588955,554.875,99.625,0.304716928798665,0.0249449046980011,0.0371415328322509,27.9245780275436
"496",555125,99625,0.819999992847443,555.125,99.625,0.295922168276576,0.35358936875387,0.526474296362379,27.9245780275436
"497",555375,99625,0.319999992847443,555.375,99.625,0.286775568898789,0.143449220943187,0.213587665053261,27.9245780275436
"498",555625,99625,0.300000011920929,555.625,99.625,0.277281627447305,0.139349132727627,0.20748286878657,27.9245780275436
"499",555875,99625,1,555.875,99.625,0.267476892098491,0.481001812871669,0.716184120221428,27.9245780275436
"500",556125,99625,1,556.125,99.625,0.257270196282028,0.501776831925487,0.747116932417735,27.9245780275436
"501",556375,99625,0.349999994039536,556.375,99.625,0.246471909586096,0.184371086691898,0.274517976820879,27.9245780275436
"502",556875,99625,0.310000002384186,556.875,99.625,0.222788130261463,0.179908229772186,0.267873038753731,27.9245780275436
"503",557125,99625,0.159999996423721,557.125,99.625,0.209838113800123,0.0978523834179178,0.145696588358657,27.9245780275436
"504",558375,99625,0.00999999977648258,558.375,99.625,0.135257861673201,0.00712315774573666,0.0106059734637423,27.9245780275436
"505",551875,99375,0.0199999995529652,551.875,99.375,0.385576118360905,0.00747692331443197,0.0111327101117147,27.9245780275436
"506",552125,99375,0.689999997615814,552.125,99.375,0.377970860497685,0.250025556674838,0.372273718202838,27.9245780275436
"507",552375,99375,0.0299999993294477,552.375,99.375,0.370993079529849,0.0105785593391673,0.0157508683144049,27.9245780275436
"508",554625,99375,0.109999999403954,554.625,99.375,0.309290074297766,0.0437724980256704,0.0651747397816417,27.9245780275436
"509",554875,99375,0.639999985694885,554.875,99.375,0.300900425580887,0.264012582467907,0.393099597636261,27.9245780275436
"510",555125,99375,0.209999993443489,555.125,99.375,0.292135770808246,0.0901139095477471,0.134174444465941,27.9245780275436
"511",555625,99375,0.569999992847443,555.625,99.375,0.273471887746217,0.263441472841444,0.392249248148104,27.9245780275436
"512",555875,99375,0.819999992847443,555.875,99.375,0.263633714619619,0.393568249687435,0.586000557808054,27.9245780275436
"513",556125,99375,0.430000007152557,556.125,99.375,0.253353080733336,0.215915884295185,0.321486371771816,27.9245780275436
"514",556625,99375,0.0299999993294477,556.625,99.375,0.230938572670292,0.016565389302684,0.0246649148639144,27.9245780275436
"515",556875,99375,0.0199999995529652,556.875,99.375,0.218706909262855,0.0116003312762299,0.0172722281434736,27.9245780275436
"516",558375,99375,0.0599999986588955,558.375,99.375,0.132003433955558,0.0419365494702975,0.0624411176502583,27.9245780275436
"517",552125,99125,0.670000016689301,552.125,99.125,0.371960246689888,0.230076472096031,0.342570675083315,27.9245780275436
"518",552375,99125,0.779999971389771,552.375,99.125,0.36546305202553,0.262031758297784,0.390150264021231,27.9245780275436
"519",552625,99125,0.25,552.625,99.125,0.35931929293686,0.0828333638572784,0.123334129376627,27.9245780275436
"520",552875,99125,0.189999997615814,552.875,99.125,0.353346526152953,0.0626059484952987,0.0932166676795793,27.9245780275436
"521",553125,99125,0.0199999995529652,553.125,99.125,0.347391634332911,0.00662381958829105,0.00986248757779911,27.9245780275436
"522",554375,99125,0.219999998807907,554.375,99.125,0.313649964919329,0.0836196274197993,0.124504830739319,27.9245780275436
"523",554625,99125,0.479999989271164,554.625,99.125,0.305710685979171,0.189164483169998,0.281655069338359,27.9245780275436
"524",554875,99125,0.119999997317791,554.875,99.125,0.29736310363962,0.0491275161571589,0.0731480547393821,27.9245780275436
"525",555625,99125,0.270000010728836,555.625,99.125,0.26986010572979,0.124019403830496,0.184657781417608,27.9245780275436
"526",555875,99125,0.330000013113022,555.875,99.125,0.259933056949533,0.157775355765311,0.234918458387493,27.9245780275436
"527",556625,99125,0.579999983310699,556.625,99.125,0.227038454201205,0.318477132769255,0.47419419020744,27.9245780275436
"528",556875,99125,0.310000002384186,556.875,99.125,0.214817724439907,0.17877955282519,0.266192503494472,27.9245780275436
"529",558875,99125,0.00999999977648258,558.875,99.125,0.101739135796761,0.00673127475414764,0.0100224821586153,27.9245780275436
"530",551875,98875,0.100000001490116,551.875,98.875,0.373303987530874,0.0331937515898378,0.0494235928910297,27.9245780275436
"531",552125,98875,0.939999997615814,552.125,98.875,0.366675381736349,0.305419760566276,0.454752511666221,27.9245780275436
"532",552375,98875,1,552.375,98.875,0.360576239550579,0.320471720886102,0.477164017549961,27.9245780275436
"533",552625,98875,1,552.625,98.875,0.354769374799021,0.318596794943101,0.474372360323241,27.9245780275436
"534",552875,98875,1,552.875,98.875,0.349073814084007,0.319560629042573,0.475807454034113,27.9245780275436
"535",553125,98875,0.899999976158142,553.125,98.875,0.343341801429014,0.291304318041878,0.433735427082864,27.9245780275436
"536",553375,98875,0.319999992847443,553.375,98.875,0.337438079700793,0.105784985452973,0.157507777958182,27.9245780275436
"537",556375,98875,0.409999996423721,556.375,98.875,0.234810161238402,0.213466280451121,0.317839052100652,27.9245780275436
"538",556625,98875,0.889999985694885,556.625,98.875,0.223271742049424,0.484390959946202,0.721230365892279,27.9245780275436
"539",556875,98875,0.119999997317791,556.875,98.875,0.211072209190476,0.0685085592680584,0.102005316682917,27.9245780275436
"540",549875,98625,0.0399999991059303,549.875,98.625,0.445627336620848,0.0143522306317509,0.021369648498514,27.9245780275436
"541",551875,98625,0.579999983310699,551.875,98.625,0.368312427827696,0.181074942349739,0.269610206886046,27.9245780275436
"542",552125,98625,1,552.125,98.625,0.362049756520828,0.307802662545948,0.458300516085782,27.9245780275436
"543",552375,98625,1,552.375,98.625,0.356254312147605,0.306071449190313,0.455722838661619,27.9245780275436
"544",552625,98625,1,552.625,98.625,0.35069890700585,0.306804954849933,0.456814986531865,27.9245780275436
"545",552875,98625,1,552.875,98.625,0.345203241474247,0.310418017631149,0.462194629851339,27.9245780275436
"546",553125,98625,1,553.125,98.625,0.339623785506049,0.316655185458251,0.471481415126134,27.9245780275436
"547",553375,98625,0.959999978542328,553.375,98.625,0.333840077970578,0.311671198162051,0.464060543808388,27.9245780275436
"548",553625,98625,0.689999997615814,553.625,98.625,0.327755411003945,0.230558693000765,0.343288674361421,27.9245780275436
"549",553875,98625,0.129999995231628,553.875,98.625,0.321280792606507,0.0449259016406101,0.0668920916317192,27.9245780275436
"550",556375,98625,0.389999985694885,556.375,98.625,0.231152636199551,0.200711099136413,0.298847318465386,27.9245780275436
"551",549625,98375,0.589999973773956,549.625,98.375,0.449691393270508,0.198503767855495,0.295560728749594,27.9245780275436
"552",549875,98375,0.370000004768372,549.875,98.375,0.437462688376864,0.122998356123519,0.183137499925611,27.9245780275436
"553",551875,98375,0.610000014305115,551.875,98.375,0.36395454336927,0.179182581759654,0.266792590469466,27.9245780275436
"554",552125,98375,0.790000021457672,552.125,98.375,0.357955773079588,0.230574043838356,0.343311530878424,27.9245780275436
"555",552375,98375,0.970000028610229,552.375,98.375,0.352370068800766,0.283622223309086,0.422297228493102,27.9245780275436
"556",552625,98375,1,552.625,98.375,0.346979871842368,0.295707514418449,0.440291534022025,27.9245780275436
"557",552875,98375,0.920000016689301,552.875,98.375,0.341606985676975,0.277441846650871,0.413095002012551,27.9245780275436
"558",553125,98375,0.509999990463257,553.125,98.375,0.336118537417242,0.157776609605496,0.234920325283637,27.9245780275436
"559",553375,98375,0.319999992847443,553.375,98.375,0.330409982497081,0.101863684269218,0.151669185330757,27.9245780275436
"560",553625,98375,0.939999997615814,553.625,98.375,0.324396504548236,0.308780780783236,0.459756878058853,27.9245780275436
"561",553875,98375,0.180000007152557,553.875,98.375,0.317985476419382,0.0613471604062686,0.0913424043899983,27.9245780275436
"562",556375,98375,0.230000004172325,556.375,98.375,0.227566994389577,0.116700854913154,0.173760881702465,27.9245780275436
"563",559125,98375,0.0199999995529652,559.125,98.375,0.0896918106799238,0.0120891830659162,0.0180001004290788,27.9245780275436
"564",559375,98375,0.379999995231628,559.375,98.375,0.0794888654830688,0.224821259231208,0.334745964445117,27.9245780275436
"565",548875,98125,0.0299999993294477,548.875,98.125,0.483026712175612,0.00973738515449436,0.0144984081837324,27.9245780275436
"566",549125,98125,0.28999999165535,549.125,98.125,0.467876278933275,0.0926229150324268,0.137910209774076,27.9245780275436
"567",549375,98125,0.25,549.375,98.125,0.454230084459125,0.0785362498235752,0.116935972963565,27.9245780275436
"568",549625,98125,0.509999990463257,549.625,98.125,0.441833842153073,0.158034824430416,0.235304792352711,27.9245780275436
"569",549875,98125,0.319999992847443,549.875,98.125,0.430286937774677,0.0984599167955615,0.146601170723898,27.9245780275436
"570",550625,98125,0.0700000002980232,550.625,98.125,0.39888782099506,0.0209725261883418,0.0312268889951685,27.9245780275436
"571",551875,98125,0.550000011920929,551.875,98.125,0.360100311904954,0.152065218176955,0.22641639091992,27.9245780275436
"572",552125,98125,0.949999988079071,552.125,98.125,0.354267790498628,0.262749741516658,0.391219299867214,27.9245780275436
"573",552375,98125,0.920000016689301,552.375,98.125,0.348804012892896,0.257013689727563,0.38267864764058,27.9245780275436
"574",552625,98125,0.310000002384186,552.625,98.125,0.3434981025335,0.0883205754409895,0.131504272805166,27.9245780275436
"575",552875,98125,0.0500000007450581,552.875,98.125,0.338180541563645,0.0146285268124083,0.0217810376695512,27.9245780275436
"576",556375,98125,0.0299999993294477,556.375,98.125,0.224036791237851,0.0149763674651567,0.0222989524573949,27.9245780275436
"577",559375,98125,0.209999993443489,559.375,98.125,0.0807102886227656,0.120834656473721,0.179915875206855,27.9245780275436
"578",559625,98125,0.00999999977648258,559.625,98.125,0.0716116556990218,0.00562289380337364,0.00837216647402133,27.9245780275436
"579",549125,97875,0.100000001490116,549.125,97.875,0.459488877257837,0.0291425642741333,0.0433916072603973,27.9245780275436
"580",549375,97875,0.639999985694885,549.375,97.875,0.44663384763756,0.183711387488004,0.273535722531376,27.9245780275436
"581",549625,97875,0.740000009536743,549.625,97.875,0.434904183058009,0.210751901108522,0.313797496893572,27.9245780275436
"582",549875,97875,0.5,549.875,97.875,0.423912952983649,0.142070633392048,0.211535027233528,27.9245780275436
"583",550625,97875,0.0900000035762787,550.625,97.875,0.393909243559121,0.0249219227619345,0.0371073140471602,27.9245780275436
"584",550875,97875,0.180000007152557,550.875,97.875,0.385177990297004,0.0489364550800329,0.0728635757503879,27.9245780275436
"585",551125,97875,0.00999999977648258,551.125,97.875,0.377122696014553,0.00267267320766041,0.00397945716345634,27.9245780275436
"586",551875,97875,0.0599999986588955,551.875,97.875,0.356635924442062,0.0156122677658308,0.0232457715445577,27.9245780275436
"587",552125,97875,0.689999997615814,552.125,97.875,0.350888999508783,0.18075782497086,0.269138037291416,27.9245780275436
"588",552375,97875,1,552.375,97.875,0.345473884033367,0.266665397601136,0.397049487265489,27.9245780275436
"589",552625,97875,0.419999986886978,552.625,97.875,0.340194315346574,0.11504646788713,0.171297594278111,27.9245780275436
"590",552875,97875,0.319999992847443,552.875,97.875,0.334895216016478,0.0904247070182737,0.134637204079397,27.9245780275436
"591",553125,97875,0.620000004768372,553.125,97.875,0.329476209763645,0.18112334457495,0.269682275024151,27.9245780275436
"592",553375,97875,0.620000004768372,553.375,97.875,0.32384299895738,0.187792338796787,0.279612025041128,27.9245780275436
"593",553625,97875,0.0900000035762787,553.625,97.875,0.317891819662996,0.028393398747359,0.0422761427458463,27.9245780275436
"594",553875,97875,0.270000010728836,553.875,97.875,0.311538206237507,0.0887752325893,0.132181231230377,27.9245780275436
"595",554125,97875,0.129999995231628,554.125,97.875,0.30472296719156,0.0445451835609063,0.0663252242402282,27.9245780275436
"596",554375,97875,0.409999996423721,554.375,97.875,0.297396272778013,0.146658810468723,0.218366559828927,27.9245780275436
"597",554625,97875,0.0299999993294477,554.625,97.875,0.289514093165607,0.0112344081426412,0.0167273895784517,27.9245780275436
"598",554875,97875,0.150000005960464,554.875,97.875,0.28106962315246,0.0586074732417247,0.0872631672871139,27.9245780275436
"599",559125,97875,0.0700000002980232,559.125,97.875,0.0916849971776377,0.0397418601520963,0.0591733510921006,27.9245780275436
"600",559375,97875,0.140000000596046,559.375,97.875,0.0821563679675448,0.0782816807636373,0.116556934229514,27.9245780275436
"601",549625,97625,0.389999985694885,549.625,97.625,0.428672355605238,0.101885791339388,0.15170210149069,27.9245780275436
"602",549875,97625,0.5,549.875,97.625,0.418147756182418,0.130698408830487,0.194602436909269,27.9245780275436
"603",550125,97625,0.140000000596046,550.125,97.625,0.408076115710054,0.0365332599909209,0.0543959294232411,27.9245780275436
"604",550625,97625,0.119999997317791,550.625,97.625,0.389476369491932,0.0305885766324916,0.0455446367521519,27.9245780275436
"605",550875,97625,0.629999995231628,550.875,97.625,0.381146441435847,0.157961225246297,0.235195207387506,27.9245780275436
"606",551125,97625,0.469999998807907,551.125,97.625,0.373430570172285,0.116315659807041,0.17318734827535,27.9245780275436
"607",551375,97625,0.239999994635582,551.375,97.625,0.366256835959967,0.0587711743688529,0.0875069088792954,27.9245780275436
"608",552125,97625,0.319999992847443,552.125,97.625,0.347755090031893,0.0792711883793901,0.118030254334088,27.9245780275436
"609",552375,97625,1,552.375,97.625,0.342344836517555,0.253830820986076,0.377939538580278,27.9245780275436
"610",552625,97625,1,552.625,97.625,0.33706240111574,0.262136799471863,0.3903066643067,27.9245780275436
"611",552875,97625,1,552.875,97.625,0.331765385042888,0.271563798093652,0.404342924739831,27.9245780275436
"612",553125,97625,1,553.125,97.625,0.326350607572343,0.281984422074739,0.419858636361576,27.9245780275436
"613",553375,97625,1,553.375,97.625,0.320717306596433,0.293967913924033,0.437701368629108,27.9245780275436
"614",553625,97625,0.879999995231628,553.625,97.625,0.314760762988513,0.270334668411706,0.402512821117877,27.9245780275436
"615",553875,97625,0.819999992847443,553.875,97.625,0.30839954591624,0.26333574418832,0.392091824245753,27.9245780275436
"616",554125,97625,1,554.125,97.625,0.301573026495816,0.335721575070373,0.499870176051241,27.9245780275436
"617",554375,97625,0.75,554.375,97.625,0.294214090811295,0.263914689335365,0.392953840374793,27.9245780275436
"618",554625,97625,0.409999996423721,554.625,97.625,0.286270624683265,0.15124804754866,0.225199670708405,27.9245780275436
"619",554875,97625,0.180000007152557,554.875,97.625,0.277751465861567,0.0692518531671042,0.103112038680441,27.9245780275436
"620",555375,97625,0.319999992847443,555.375,97.625,0.259249447726312,0.132132081514711,0.196737093333755,27.9245780275436
"621",555625,97625,0.0900000035762787,555.625,97.625,0.249353416790347,0.0385789702185443,0.0574418746575252,27.9245780275436
"622",550125,97375,0.0500000007450581,550.125,97.375,0.403202379688571,0.0119431979647399,0.0177827369837578,27.9245780275436
"623",550375,97375,0.180000007152557,550.375,97.375,0.394049931633022,0.0426079455624005,0.0634407879356407,27.9245780275436
"624",550625,97375,0.349999994039536,550.625,97.375,0.385470044921419,0.0817531616904314,0.121725770285616,27.9245780275436
"625",550875,97375,0.610000014305115,550.875,97.375,0.377493049210727,0.140697014733815,0.209489787810432,27.9245780275436
"626",551125,97375,0.270000010728836,551.125,97.375,0.370051619249059,0.0617270625946948,0.0919080569661578,27.9245780275436
"627",552375,97375,0.25,552.375,97.375,0.339383779252302,0.0601734055334946,0.0895947506838832,27.9245780275436
"628",552625,97375,0.709999978542328,552.625,97.375,0.334079200715289,0.177118499762951,0.263719290724402,27.9245780275436
"629",552875,97375,1,552.875,97.375,0.328763973233612,0.259476088708279,0.386345018536585,27.9245780275436
"630",553125,97375,1,553.125,97.375,0.323328094404516,0.270852088639801,0.403283230170249,27.9245780275436
"631",553375,97375,1,553.375,97.375,0.317667232353559,0.283844713895334,0.422628504219107,27.9245780275436
"632",553625,97375,0.689999997615814,553.625,97.375,0.311676291229554,0.205465834014641,0.305926846077392,27.9245780275436
"633",553875,97375,0.990000009536743,553.875,97.375,0.305273025028915,0.309074823155822,0.460194690292161,27.9245780275436
"634",554125,97375,0.819999992847443,554.125,97.375,0.298389261114829,0.268745839206484,0.400147145529817,27.9245780275436
"635",554375,97375,0.330000013113022,554.375,97.375,0.290947648281306,0.113810034378443,0.169456615676919,27.9245780275436
"636",554625,97375,0.140000000596046,554.625,97.375,0.282910364867563,0.0506548615765994,0.0754221844957039,27.9245780275436
"637",555125,97375,0.0399999991059303,555.125,97.375,0.265228299499306,0.0156385193621866,0.0232848586663467,27.9245780275436
"638",555375,97375,0.579999983310699,555.375,97.375,0.255755267915088,0.234570310420177,0.349261742685287,27.9245780275436
"639",558875,97375,0.00999999977648258,558.875,97.375,0.103886016680881,0.00535177464892353,0.00796848559817225,27.9245780275436
"640",559125,97375,0.620000004768372,559.125,97.375,0.0944563573856407,0.329014117482433,0.489883156287507,27.9245780275436
"641",559375,97375,0.0700000002980232,559.375,97.375,0.0855408398156,0.0367917913649899,0.0547808678158469,27.9245780275436
"642",552625,97125,0.00999999977648258,552.625,97.125,0.331191374863664,0.00236250184690123,0.00351762979154483,27.9245780275436
"643",552875,97125,0.310000002384186,552.875,97.125,0.325831365989816,0.0764882392391707,0.11388660262993,27.9245780275436
"644",553125,97125,0.709999978542328,553.125,97.125,0.320344707935354,0.183814991880832,0.273689983531945,27.9245780275436
"645",553375,97125,0.860000014305115,553.375,97.125,0.314623099879415,0.234281519309029,0.348831749279171,27.9245780275436
"646",553625,97125,0.490000009536743,553.625,97.125,0.308561109701115,0.140600142903268,0.209345551209075,27.9245780275436
"647",553875,97125,0.230000004172325,553.875,97.125,0.302074492487164,0.0695017750215661,0.103484157991995,27.9245780275436
"648",554125,97125,0.100000001490116,554.125,97.125,0.295089622865813,0.0318736047957153,0.0474579700076831,27.9245780275436
"649",555125,97125,0.0700000002980232,555.125,97.125,0.26164180018289,0.0266605638530214,0.0396960509435285,27.9245780275436
"650",555375,97125,0.610000014305115,555.375,97.125,0.252187135314999,0.240628403065101,0.358281895281433,27.9245780275436
"651",555625,97125,0.119999997317791,555.625,97.125,0.242332535043692,0.0492593464223094,0.0733443424454547,27.9245780275436
"652",559125,97125,0.46000000834465,559.125,97.125,0.0960365702321656,0.235355813274234,0.350431311396694,27.9245780275436
"653",559375,97125,0.319999992847443,559.375,97.125,0.0873896973808305,0.162430861348162,0.241850239268182,27.9245780275436
"654",559625,97125,0.159999996423721,559.625,97.125,0.0791138511849422,0.080402403513089,0.119714568807816,27.9245780275436
"655",559875,97125,0.670000016689301,559.875,97.125,0.0711591181226398,0.331488455434013,0.493567303626585,27.9245780275436
"656",560125,97125,0.140000000596046,560.125,97.125,0.0635067250335984,0.0676048064411592,0.100659680542034,27.9245780275436
"657",553375,96875,0.150000005960464,553.375,96.875,0.311528667091879,0.0390322677297312,0.0581168086610163,27.9245780275436
"658",553625,96875,0.469999998807907,553.625,96.875,0.30536346713477,0.129217023255452,0.192396738726072,27.9245780275436
"659",553875,96875,0.740000009536743,553.875,96.875,0.298766382159394,0.215174328338297,0.320382237470516,27.9245780275436
"660",554125,96875,0.660000026226044,554.125,96.875,0.291662813823375,0.203317618507321,0.302728276358973,27.9245780275436
"661",554375,96875,0.159999996423721,554.375,96.875,0.283997161769582,0.0520806840266289,0.0775451523715833,27.9245780275436
"662",554625,96875,0.150000005960464,554.625,96.875,0.275781611249304,0.051214177762201,0.0762549742266182,27.9245780275436
"663",555125,96875,0.239999994635582,555.125,96.875,0.257995310208114,0.0885287261499384,0.131814197276078,27.9245780275436
"664",555375,96875,0.740000009536743,555.375,96.875,0.248570983400422,0.283343654334456,0.421882455262154,27.9245780275436
"665",555625,96875,0.239999994635582,555.625,96.875,0.238755153184901,0.095702230547953,0.142495134018342,27.9245780275436
"666",557125,96875,0.100000001490116,557.125,96.875,0.17558334980297,0.0459315667520934,0.0683894693210154,27.9245780275436
"667",557375,96875,0.109999999403954,557.375,96.875,0.165276857351014,0.0512330244494221,0.0762830358632801,27.9245780275436
"668",557625,96875,0.150000005960464,557.625,96.875,0.155089689994624,0.0708520693057086,0.105494668759419,27.9245780275436
"669",557875,96875,0.239999994635582,557.875,96.875,0.145019746642106,0.115000859950065,0.171229686674838,27.9245780275436
"670",559125,96875,0.170000001788139,559.125,96.875,0.0977362720745665,0.0836188620470323,0.124503691143153,27.9245780275436
"671",559375,96875,0.860000014305115,559.375,96.875,0.0893203990064174,0.420075462716938,0.625468278168021,27.9245780275436
"672",559625,96875,0.870000004768372,559.625,96.875,0.0812176582714684,0.421447725009509,0.627511498040417,27.9245780275436
"673",559875,96875,0.990000009536743,559.875,96.875,0.0733506902640949,0.473272140317459,0.704675080983537,27.9245780275436
"674",560125,96875,0.0199999995529652,560.125,96.875,0.0656819390679307,0.00936509698607244,0.0139440924467952,27.9245780275436
"675",553875,96625,0.109999999403954,553.875,96.625,0.295361923490259,0.0306360339597435,0.0456152979913748,27.9245780275436
"676",554125,96625,0.129999995231628,554.125,96.625,0.288137143743355,0.0384602732121863,0.0572651416207745,27.9245780275436
"677",554375,96625,0.370000004768372,554.375,96.625,0.280373652237199,0.115647462469155,0.17219244075159,27.9245780275436
"678",554625,96625,0.629999995231628,554.625,96.625,0.272102073664423,0.206538257915349,0.307523623776103,27.9245780275436
"679",554875,96625,0.610000014305115,554.875,96.625,0.263394053842775,0.208475752858408,0.310408442656398,27.9245780275436
"680",555125,96625,0.560000002384186,555.125,96.625,0.254325693873222,0.198825062304272,0.2960391177618,27.9245780275436
"681",555375,96625,0.829999983310699,555.375,96.625,0.244928413043786,0.306801432431765,0.456809741853178,27.9245780275436
"682",555625,96625,0.140000000596046,555.625,96.625,0.235153145560319,0.0538813192419531,0.0802261949643911,27.9245780275436
"683",556625,96625,0.209999993443489,556.625,96.625,0.193841781099162,0.0895029399654241,0.133264745788953,27.9245780275436
"684",556875,96625,0.769999980926514,556.875,96.625,0.183694586018648,0.332578957125563,0.495190998119335,27.9245780275436
"685",557125,96625,0.319999992847443,557.125,96.625,0.173736060657381,0.140116759110055,0.208625820456701,27.9245780275436
"686",557375,96625,0.100000001490116,557.375,96.625,0.163938536832019,0.0443461655910025,0.0660288978941113,27.9245780275436
"687",557625,96625,0.209999993443489,557.625,96.625,0.154287207679069,0.0944144135504794,0.140577648348516,27.9245780275436
"688",557875,96625,0.209999993443489,557.875,96.625,0.14475164127105,0.0957874528142974,0.14262202508655,27.9245780275436
"689",559125,96625,0.200000002980232,559.125,96.625,0.0995502783572243,0.094179761252792,0.140228264531491,27.9245780275436
"690",559375,96625,0.589999973773956,559.375,96.625,0.091338687945564,0.276143411141194,0.411161705986885,27.9245780275436
"691",559625,96625,0.589999973773956,559.625,96.625,0.0833692951419774,0.274067337369105,0.408070551175844,27.9245780275436
"692",559875,96625,0.569999992847443,559.875,96.625,0.0755628512010658,0.261666851300675,0.389606938425164,27.9245780275436
"693",554625,96375,0.00999999977648258,554.625,96.375,0.268402647228716,0.00312521949993564,0.00465327264506052,27.9245780275436
"694",554875,96375,0.349999994039536,554.875,96.375,0.25968882879815,0.114095342949589,0.169881423780651,27.9245780275436
"695",555125,96375,0.540000021457672,555.125,96.375,0.250638444915643,0.183358825946587,0.273010778610986,27.9245780275436
"696",555375,96375,0.0399999991059303,555.375,96.375,0.241264027587408,0.0141823920249059,0.021116768550938,27.9245780275436
"697",556375,96375,0.0799999982118607,556.375,96.375,0.201300993267804,0.031946742138469,0.047566867317576,27.9245780275436
"698",556625,96375,0.560000002384186,556.625,96.375,0.19133368985223,0.226891255742911,0.337828070563895,27.9245780275436
"699",556875,96375,0.170000001788139,556.875,96.375,0.181598443398323,0.0697631806496118,0.103873375983971,27.9245780275436
"700",557375,96375,0.370000004768372,557.375,96.375,0.162784826359262,0.155555472557544,0.231613179572311,27.9245780275436
"701",557625,96375,0.319999992847443,557.625,96.375,0.153645736962029,0.136406916242531,0.203102077137783,27.9245780275436
"702",557875,96375,0.0199999995529652,557.875,96.375,0.144613595301844,0.00865048380599397,0.0128800743953504,27.9245780275436
"703",558875,96375,0.0900000035762787,558.875,96.375,0.109671056488849,0.0404236004278073,0.0601884232737721,27.9245780275436
"704",559125,96375,0.589999973773956,559.125,96.375,0.101433398495691,0.26447862295271,0.393793505196824,27.9245780275436
"705",559375,96375,0.5,559.375,96.375,0.0934096048983589,0.222907095090955,0.331895883792485,27.9245780275436
"706",559625,96375,0.519999980926514,559.625,96.375,0.085549749510884,0.230044653303701,0.342523298725926,27.9245780275436
"707",559875,96375,0.430000007152557,559.875,96.375,0.077792021628325,0.188115603297099,0.280093347347114,27.9245780275436
"708",555125,96125,0.280000001192093,555.125,96.125,0.246960391174468,0.0903212256187072,0.134483126208743,27.9245780275436
"709",555375,96125,0.270000010728836,555.375,96.125,0.237629905300974,0.0910075105830891,0.135504965171267,27.9245780275436
"710",555625,96125,0.109999999403954,555.625,96.125,0.228039948286362,0.0384963744258588,0.0573188942580018,27.9245780275436
"711",555875,96125,0.200000002980232,555.875,96.125,0.218269144187063,0.0722564506487076,0.107585712056296,27.9245780275436
"712",556125,96125,0.100000001490116,556.125,96.125,0.208429979960225,0.0370574362536896,0.055176397823871,27.9245780275436
"713",557125,96125,0.379999995231628,557.125,96.125,0.170648883631469,0.148992463658399,0.221841235623955,27.9245780275436
"714",557375,96125,0.360000014305115,557.375,96.125,0.161810550096338,0.142788489738214,0.212603874173324,27.9245780275436
"715",557625,96125,0.0700000002980232,557.625,96.125,0.153139557800351,0.0281571662758681,0.0419244061406297,27.9245780275436
"716",557875,96125,0.230000004172325,557.875,96.125,0.144575417907039,0.0938714423361012,0.139769195342584,27.9245780275436
"717",558125,96125,0.0799999982118607,558.125,96.125,0.13609016965012,0.0331416144404605,0.0493459636649885,27.9245780275436
"718",558375,96125,0.119999997317791,558.375,96.125,0.127688735285656,0.0503110637454555,0.0749102892374265,27.9245780275436
"719",558625,96125,0.569999992847443,558.625,96.125,0.119409927102931,0.240910140493618,0.358701386158549,27.9245780275436
"720",558875,96125,0.959999978542328,558.875,96.125,0.111282784401786,0.40726257126521,0.606390617447652,27.9245780275436
"721",559125,96125,0.810000002384186,559.125,96.125,0.103307269866736,0.343268171474965,0.511106625399367,27.9245780275436
"722",559375,96125,0.310000002384186,559.375,96.125,0.0954604465539688,0.130667854945696,0.19455694392668,27.9245780275436
"723",559625,96125,0.709999978542328,559.625,96.125,0.0877132303009746,0.296744625850667,0.441835733479862,27.9245780275436
"724",559875,96125,0.0700000002980232,559.875,96.125,0.080021779020103,0.0289327808227264,0.0430792517295816,27.9245780275436
"725",555375,95875,0.150000005960464,555.375,95.875,0.234137260576357,0.0476445056953227,0.0709399371929047,27.9245780275436
"726",555625,95875,0.759999990463257,555.625,95.875,0.224718921679118,0.250214786016871,0.372555469843304,27.9245780275436
"727",555875,95875,0.349999994039536,555.875,95.875,0.215199929472768,0.118914240240145,0.177056485545741,27.9245780275436
"728",556125,95875,0.5,556.125,95.875,0.205678115962766,0.173991272209128,0.259063028202239,27.9245780275436
"729",556375,95875,0.119999997317791,556.375,95.875,0.19626539396602,0.0425313860066567,0.0633267951468245,27.9245780275436
"730",556625,95875,0.300000011920929,556.625,95.875,0.1870556070166,0.107741854146834,0.160421443242591,27.9245780275436
"731",556875,95875,0.439999997615814,556.875,95.875,0.178111804652544,0.159957843988305,0.23816805821446,27.9245780275436
"732",557125,95875,0.730000019073486,557.125,95.875,0.169440698484902,0.268461287302042,0.399723464059422,27.9245780275436
"733",557375,95875,0.990000009536743,557.375,95.875,0.161013500682683,0.368276785656068,0.548343017999052,27.9245780275436
"734",557625,95875,0.829999983310699,557.625,95.875,0.152760232104169,0.313160925619264,0.466278662575849,27.9245780275436
"735",557875,95875,1,557.875,95.875,0.144618936196824,0.382764033788835,0.569913699815097,27.9245780275436
"736",558125,95875,0.839999973773956,558.125,95.875,0.136557054009939,0.326180866350059,0.48566460780119,27.9245780275436
"737",558375,95875,0.970000028610229,558.375,95.875,0.128565303308572,0.381098974905271,0.567434522606756,27.9245780275436
"738",558625,95875,1,558.625,95.875,0.120656258872666,0.396120451595899,0.589800640114456,27.9245780275436
"739",558875,95875,0.860000014305115,558.875,95.875,0.112833253129739,0.342074196424793,0.509328865008467,27.9245780275436
"740",559125,95875,0.479999989271164,559.125,95.875,0.105090866502187,0.190782319420693,0.284063934753957,27.9245780275436
"741",559375,95875,0.670000016689301,559.375,95.875,0.0974231541649749,0.264739473055526,0.394181896043585,27.9245780275436
"742",559625,95875,0.349999994039536,559.625,95.875,0.089809790921068,0.137050562673515,0.204060429768838,27.9245780275436
"743",555625,95625,0.129999995231628,555.625,95.625,0.221661461588287,0.0399555532720249,0.0594915278951769,27.9245780275436
"744",555875,95625,0.270000010728836,555.875,95.625,0.212407563382357,0.0855253121094275,0.127342285976156,27.9245780275436
"745",556125,95625,0.740000009536743,556.125,95.625,0.20320982353382,0.239827923344646,0.357090026874687,27.9245780275436
"746",556375,95625,0.850000023841858,556.375,95.625,0.194158930385742,0.280369442022854,0.41745402366224,27.9245780275436
"747",556625,95625,0.949999988079071,556.625,95.625,0.185326935393899,0.317576951326222,0.472853871652362,27.9245780275436
"748",556875,95625,0.980000019073486,556.875,95.625,0.176760227352686,0.331736160524331,0.493936122303431,27.9245780275436
"749",557125,95625,0.660000026226044,557.125,95.625,0.168454072984651,0.226079279528461,0.336619084536765,27.9245780275436
"750",557375,95625,0.970000028610229,557.375,95.625,0.160384195920021,0.336084585848948,0.500410678286633,27.9245780275436
"751",557625,95625,0.949999988079071,557.625,95.625,0.152494683411597,0.33378464516755,0.49698619848346,27.9245780275436
"752",557875,95625,0.970000028610229,557.875,95.625,0.144721509052014,0.345606578973548,0.51458838008776,27.9245780275436
"753",558125,95625,0.959999978542328,558.125,95.625,0.137031344579652,0.346745467344565,0.516284119571896,27.9245780275436
"754",558375,95625,0.990000009536743,558.375,95.625,0.129403266932284,0.361654213772725,0.538482388182382,27.9245780275436
"755",558625,95625,0.860000014305115,558.625,95.625,0.121819849617562,0.316743415324838,0.471612784338656,27.9245780275436
"756",558875,95625,0.319999992847443,558.875,95.625,0.1142658235341,0.118362291993017,0.176234666252759,27.9245780275436
"757",559125,95625,0.349999994039536,559.125,95.625,0.106743390420067,0.129331703212238,0.192567490606336,27.9245780275436
"758",559375,95625,0.310000002384186,559.375,95.625,0.0992616642883668,0.113844096233753,0.169507331826474,27.9245780275436
"759",559625,95625,0.0199999995529652,559.625,95.625,0.0918078464965472,0.00727394315461379,0.0108304842919951,27.9245780275436
"760",556375,95375,0.0500000007450581,556.375,95.375,0.19232515927044,0.0152359150635527,0.0226854039497562,27.9245780275436
"761",556625,95375,0.310000002384186,556.625,95.375,0.183844409219108,0.0957429534635788,0.142555768104784,27.9245780275436
"762",556875,95375,0.400000005960464,556.875,95.375,0.175619973823237,0.125138446815242,0.186323972259458,27.9245780275436
"763",557125,95375,0.529999971389771,557.125,95.375,0.167643035727172,0.167793145072878,0.249834372277652,27.9245780275436
"764",557375,95375,0.709999978542328,557.375,95.375,0.159891050286619,0.227366267335582,0.338535335589698,27.9245780275436
"765",557625,95375,0.649999976158142,557.625,95.375,0.152315265972869,0.210989662359814,0.314151509764258,27.9245780275436
"766",557875,95375,0.469999998807907,557.875,95.375,0.144857049444966,0.154628414076143,0.230232842648148,27.9245780275436
"767",558125,95375,0.720000028610229,558.125,95.375,0.137484685428769,0.239961453540169,0.357288845679615,27.9245780275436
"768",558375,95375,0.449999988079071,558.375,95.375,0.130166836249466,0.15162908310301,0.225767010801441,27.9245780275436
"769",558625,95375,0.0500000007450581,558.625,95.375,0.122863989849565,0.0169844076122791,0.0252888091016979,27.9245780275436
"770",558125,95125,0.0199999995529652,558.125,95.125,0.13790119052924,0.00610547136311489,0.00909069679098315,27.9245780275436
